{
  "top_k_average_per_class_acc": {
    "top1": 0.7051666666666668,
    "top5": 0.8996666666666668,
    "top10": 0.9475000000000001
  },
  "top_k_per_instance_acc": {
    "top1": 0.7011834319526628,
    "top5": 0.8964497041420119,
    "top10": 0.9467455621301775
  }
}