{

  "splits" : ["asl100", "asl300"],

  "models" : {
    "MViT_V2_S" : {
      "idx" : 0,
      "mean" : [0.45, 0.45, 0.45],
      "std" : [0.225, 0.225, 0.225]
    },
    "Swin3D_B" : {
      "idx" : 1,
      "mean" : [0.485, 0.456, 0.406],
      "std" : [0.229, 0.224, 0.225]
    },
    "Resnet2D_1D_18" : {
      "idx" : 2,
      "mean" : [0.43216, 0.394666, 0.37645],
      "std" : [0.22803, 0.22145, 0.216989]
    }
  }

}