{
  "asl100": {
    "MViT_V1_B": [
      {
        "best": {
          "checkpoint": "best",
          "test set": {
            "top_k_average_per_class_acc": {
              "top1": 0.5813333333333334,
              "top5": 0.8733333333333333,
              "top10": 0.9125
            },
            "top_k_per_instance_acc": {
              "top1": 0.5813953488372093,
              "top5": 0.872093023255814,
              "top10": 0.9147286821705426
            }
          }
        },
        "checkpoint_108": {
          "checkpoint": "checkpoint_108",
          "test set": {
            "top_k_average_per_class_acc": {
              "top1": 0.5846666666666667,
              "top5": 0.8691666666666665,
              "top10": 0.9158333333333334
            },
            "top_k_per_instance_acc": {
              "top1": 0.5852713178294574,
              "top5": 0.872093023255814,
              "top10": 0.9186046511627907
            }
          }
        }
      }
    ],
    "MViT_V2_S": [
      {
        "best": {
          "checkpoint": "best",
          "test set": {
            "top_k_average_per_class_acc": {
              "top1": 0.601,
              "top5": 0.8691666666666665,
              "top10": 0.9166666666666665
            },
            "top_k_per_instance_acc": {
              "top1": 0.5968992248062015,
              "top5": 0.872093023255814,
              "top10": 0.9224806201550387
            }
          }
        },
        "checkpoint_200": {
          "checkpoint": "checkpoint_200",
          "test set": {
            "top_k_average_per_class_acc": {
              "top1": 0.6096666666666666,
              "top5": 0.8591666666666665,
              "top10": 0.92
            },
            "top_k_per_instance_acc": {
              "top1": 0.6046511627906976,
              "top5": 0.8604651162790697,
              "top10": 0.9224806201550387
            }
          }
        }
      }
    ],
    "Swin3D_B": [
      {
        "best": {
          "checkpoint": "best",
          "test set": {
            "top_k_average_per_class_acc": {
              "top1": 0.6398333333333334,
              "top5": 0.8554999999999999,
              "top10": 0.9105000000000001
            },
            "top_k_per_instance_acc": {
              "top1": 0.6317829457364341,
              "top5": 0.8488372093023255,
              "top10": 0.9069767441860465
            }
          }
        },
        "checkpoint_200": {
          "checkpoint": "checkpoint_200",
          "test set": {
            "top_k_average_per_class_acc": {
              "top1": 0.6198333333333333,
              "top5": 0.8504999999999999,
              "top10": 0.8888333333333333
            },
            "top_k_per_instance_acc": {
              "top1": 0.6124031007751938,
              "top5": 0.8488372093023255,
              "top10": 0.8837209302325582
            }
          }
        }
      }
    ],
    "Swin3D_S": [
      {
        "best": {
          "checkpoint": "best",
          "test set": {
            "top_k_average_per_class_acc": {
              "top1": 0.5998333333333333,
              "top5": 0.8525,
              "top10": 0.9225
            },
            "top_k_per_instance_acc": {
              "top1": 0.5930232558139535,
              "top5": 0.8488372093023255,
              "top10": 0.9224806201550387
            }
          }
        },
        "checkpoint_036": {
          "checkpoint": "checkpoint_036",
          "test set": {
            "top_k_average_per_class_acc": {
              "top1": 0.562,
              "top5": 0.8271666666666667,
              "top10": 0.903
            },
            "top_k_per_instance_acc": {
              "top1": 0.5542635658914729,
              "top5": 0.8255813953488372,
              "top10": 0.9031007751937985
            }
          }
        }
      }
    ],
    "Swin3D_T": [
      {
        "best": {
          "checkpoint": "best",
          "test set": {
            "top_k_average_per_class_acc": {
              "top1": 0.4761666666666667,
              "top5": 0.7396666666666667,
              "top10": 0.8625
            },
            "top_k_per_instance_acc": {
              "top1": 0.4728682170542636,
              "top5": 0.7403100775193798,
              "top10": 0.8604651162790697
            }
          }
        },
        "checkpoint_045": {
          "checkpoint": "checkpoint_045",
          "test set": {
            "top_k_average_per_class_acc": {
              "top1": 0.4628333333333333,
              "top5": 0.7433333333333333,
              "top10": 0.855
            },
            "top_k_per_instance_acc": {
              "top1": 0.46124031007751937,
              "top5": 0.748062015503876,
              "top10": 0.8565891472868217
            }
          }
        }
      }
    ],
    "Resnet2D_1D_18": [
      {
        "checkpoint_175": {
          "checkpoint": "checkpoint_175",
          "test set": {
            "top_k_average_per_class_acc": {
              "top1": 0.44349999999999995,
              "top5": 0.7163333333333334,
              "top10": 0.8208333333333333
            },
            "top_k_per_instance_acc": {
              "top1": 0.4418604651162791,
              "top5": 0.7209302325581395,
              "top10": 0.8217054263565892
            }
          }
        }
      }
    ],
    "Resnet3D_18": [
      {
        "checkpoint_117": {
          "checkpoint": "checkpoint_117",
          "test set": {
            "top_k_average_per_class_acc": {
              "top1": 0.5096666666666666,
              "top5": 0.7383333333333334,
              "top10": 0.8133333333333332
            },
            "top_k_per_instance_acc": {
              "top1": 0.5077519379844961,
              "top5": 0.748062015503876,
              "top10": 0.8178294573643411
            }
          }
        }
      }
    ],
    "S3D": [
      {
        "checkpoint_067": {
          "checkpoint": "checkpoint_067",
          "test set": {
            "top_k_average_per_class_acc": {
              "top1": 0.30216666666666664,
              "top5": 0.5591666666666666,
              "top10": 0.68
            },
            "top_k_per_instance_acc": {
              "top1": 0.3062015503875969,
              "top5": 0.5658914728682171,
              "top10": 0.689922480620155
            }
          }
        },
        "best": {
          "checkpoint": "best",
          "test set": {
            "top_k_average_per_class_acc": {
              "top1": 0.29816666666666664,
              "top5": 0.575,
              "top10": 0.6775
            },
            "top_k_per_instance_acc": {
              "top1": 0.3023255813953488,
              "top5": 0.5852713178294574,
              "top10": 0.689922480620155
            }
          }
        }
      }
    ]
  },
  "asl300": {
    "MViT_V1_B": [
      {
        "checkpoint_065": {
          "checkpoint": "checkpoint_065",
          "test set": {
            "top_k_average_per_class_acc": {
              "top1": 0.5404444444444444,
              "top5": 0.7890555555555555,
              "top10": 0.8746111111111111
            },
            "top_k_per_instance_acc": {
              "top1": 0.5329341317365269,
              "top5": 0.7889221556886228,
              "top10": 0.8712574850299402
            }
          }
        }
      }
    ],
    "MViT_V2_S": [
      {
        "checkpoint_112": {
          "checkpoint": "checkpoint_112",
          "test set": {
            "top_k_average_per_class_acc": {
              "top1": 0.5597777777777778,
              "top5": 0.8187777777777777,
              "top10": 0.8879444444444444
            },
            "top_k_per_instance_acc": {
              "top1": 0.5508982035928144,
              "top5": 0.8158682634730539,
              "top10": 0.8832335329341318
            }
          }
        }
      }
    ],
    "Swin3D_B": [
      {
        "checkpoint_025": {
          "checkpoint": "checkpoint_025",