"Name","Best/Val_acc","Best/Val_loss","ID","State","Notes","User","Tags","Created","Runtime","Sweep","admin.config_path","admin.dataset","admin.exp_no","admin.model","admin.recover","admin.save_path","admin.seed","admin.split","backbone_init_lr","backbone_weight_decay","batch_size","classifier_init_lr","classifier_weight_decay","data.frame_size","data.strict_size","data.target_length","data.test_augs.frame_size","data.test_augs.norm_dict.mean","data.test_augs.norm_dict.std","data.test_augs.normalise","data.test_augs.spatial_aug","data.test_augs.strict_size","data.test_augs.target_length","data.test_augs.temporal_aug","data.train_augs.frame_size","data.train_augs.norm_dict.mean","data.train_augs.norm_dict.std","data.train_augs.normalise","data.train_augs.spatial_aug","data.train_augs.strict_size","data.train_augs.target_length","data.train_augs.temporal_aug","drop_p","end_factor","eps","eta_min","frame_size","hflip_p","magnitude","max_epoch","max_wobble","min_delta","model_params.drop_p","model_params.type","num_magnitude_bins","num_ops","optimizer.backbone_init_lr","optimizer.backbone_weight_decay","optimizer.classifier_init_lr","optimizer.classifier_weight_decay","optimizer.eps","patience","scheduler.eta_min","scheduler.t0","scheduler.tmult","scheduler.type","scheduler.warm_up.end_factor","scheduler.warm_up.start_factor","scheduler.warm_up.warmup_epochs","start_factor","stopping.metric","stopping.min_delta","stopping.mode","stopping.patience","stopping.phase","stopping.type","t0","target_length","tmult","training.batch_size","training.batch_size_equivalent","training.max_epoch","training.update_per_step","update_per_step","warmup_epochs","Accuracy/Train","Accuracy/Train_Step","Accuracy/Val","Epoch","Loss/Train","Loss/Train_Step","Loss/Val","Patience count","Step"
"S3D_asl100_j9w9fq2v","73.37278106508876","1.0265394871852584","j9w9fq2v","running","-","","","2026-08-22T15:53:50.000Z","2359","","/home/luke/Code/SLR/src/configfiles/sweeps/S3D/exp004/base.py","WLASL","j9w9fq2v","S3D","false","/home/luke/Code/SLR/src/runs/asl100/S3D/sweep_qsh82m4w/j9w9fq2v/checkpoints","42","asl100","0.00008743205202653354","0.0001282568070796395","8","0.0005839002874853675","0.004012723767156199","224","true","32","224","[0.43216,0.394666,0.37645]","[0.22803,0.22145,0.216989]","true","[{""type"":""Centre_crop"",""frame_size"":224}]","true","32","[{""target_length"":32,""type"":""uniform"",""max_wobble"":0}]","224","[0.43216,0.394666,0.37645]","[0.22803,0.22145,0.216989]","true","[{""p"":0.08495842899763334,""type"":""HORIZONTAL_FLIP""},{""type"":""Centre_crop"",""frame_size"":224},{""magnitude"":14,""interpolation"":""bilinear"",""num_magnitude_bins"":31,""type"":""RANDAUGMENT"",""num_ops"":4}]","true","32","[{""type"":""chunked"",""max_wobble"":0,""target_length"":32}]","0.21759598084292597","1","0.000026362909422681315","0","224","0.08495842899763334","14","200","0","0.01","0.21759598084292597","supervised","31","4","0.00008743205202653354","0.0001282568070796395","0.0005839002874853675","0.004012723767156199","0.000026362909422681315","20","0","17","2","CosineAnnealingWarmRestarts","1","0.042898690467035566","5","0.042898690467035566","loss","0.01","min","20","val","early_stopper","17","32","2","8","8","200","1","1","5","92.57975034674064","90","73.37278106508876","21","0.3610413589110487","0.3982802048325539","1.0265394871852584","0","3920"
"S3D_asl100_la6vpeyy","75.14792899408285","0.9281757406183204","la6vpeyy","finished","-","","","2026-08-22T12:33:54.000Z","5670","","/home/luke/Code/SLR/src/configfiles/sweeps/S3D/exp004/base.py","WLASL","la6vpeyy","S3D","false","/home/luke/Code/SLR/src/runs/asl100/S3D/sweep_qsh82m4w/la6vpeyy/checkpoints","42","asl100","0.0006990126421162872","0.0010780373448718815","8","0.00028022002117317007","0.000775828580343791","224","true","32","224","[0.43216,0.394666,0.37645]","[0.22803,0.22145,0.216989]","true","[{""type"":""Centre_crop"",""frame_size"":224}]","true","32","[{""type"":""uniform"",""max_wobble"":0,""target_length"":32}]","224","[0.43216,0.394666,0.37645]","[0.22803,0.22145,0.216989]","true","[{""p"":0.1687800038990837,""type"":""HORIZONTAL_FLIP""},{""type"":""Centre_crop"",""frame_size"":224},{""type"":""RANDAUGMENT"",""num_ops"":2,""magnitude"":11,""interpolation"":""bilinear"",""num_magnitude_bins"":31}]","true","32","[{""type"":""chunked"",""max_wobble"":3,""target_length"":32}]","0.24407115273089072","1","0.00002265849677277262","0","224","0.1687800038990837","11","200","3","0.01","0.24407115273089072","supervised","31","2","0.0006990126421162872","0.0010780373448718815","0.00028022002117317007","0.000775828580343791","0.00002265849677277262","20","0","12","2","CosineAnnealingWarmRestarts","1","0.3700879210480871","0","0.3700879210480871","loss","0.01","min","20","val","early_stopper","12","32","2","8","8","200","1","1","0","91.747572815534","82.5","45.857988165680474","52","0.2841240124138855","0.5754042722284793","3.3726654557004836","20","9410"
"S3D_asl100_plps46y3","58.57988165680474","1.7181319017782972","plps46y3","failed","-","","","2026-08-22T12:33:12.000Z","11996","","/home/luke/Code/SLR/src/configfiles/sweeps/S3D/exp004/base.py","WLASL","plps46y3","S3D","false","/home/luke/Code/SLR/src/runs/asl100/S3D/sweep_qsh82m4w/plps46y3/checkpoints","42","asl100","0.00011060750593878858","0.001180613975962698","8","0.000025838946242071296","0.008037617220904895","224","true","32","224","[0.43216,0.394666,0.37645]","[0.22803,0.22145,0.216989]","true","[{""type"":""Centre_crop"",""frame_size"":224}]","true","32","[{""type"":""uniform"",""max_wobble"":0,""target_length"":32}]","224","[0.43216,0.394666,0.37645]","[0.22803,0.22145,0.216989]","true","[{""p"":0.042064001494596326,""type"":""HORIZONTAL_FLIP""},{""type"":""Centre_crop"",""frame_size"":224},{""interpolation"":""bilinear"",""num_magnitude_bins"":31,""type"":""RANDAUGMENT"",""num_ops"":4,""magnitude"":9}]","true","32","[{""type"":""chunked"",""max_wobble"":2,""target_length"":32}]","0.202157450858579","1","0.000048777440306029325","0","224","0.042064001494596326","9","200","2","0.01","0.202157450858579","supervised","31","4","0.00011060750593878858","0.001180613975962698","0.000025838946242071296","0.008037617220904895","0.000048777440306029325","20","0","18","2","CosineAnnealingWarmRestarts","1","0.07380559106241749","5","0.07380559106241749","loss","0.01","min","20","val","early_stopper","18","32","2","8","8","200","1","1","5","83.77253814147018","90","56.21301775147929","15","1.1631918919069923","0.9216919600963592","1.7181319017782972","0","2860"
"S3D_asl100_7prfjbbw","78.69822485207101","0.8578755910691765","7prfjbbw","finished","-","","","2026-08-22T08:45:49.000Z","6875","","/home/luke/Code/SLR/src/configfiles/sweeps/S3D/exp004/base.py","WLASL","7prfjbbw","S3D","false","/home/luke/Code/SLR/src/runs/asl100/S3D/sweep_qsh82m4w/7prfjbbw/checkpoints","42","asl100","0.00025385493074516136","0.03420183351906139","8","0.0002692337936519967","0.00027167795729562445","224","true","32","224","[0.43216,0.394666,0.37645]","[0.22803,0.22145,0.216989]","true","[{""type"":""Centre_crop"",""frame_size"":224}]","true","32","[{""type"":""uniform"",""max_wobble"":0,""target_length"":32}]","224","[0.43216,0.394666,0.37645]","[0.22803,0.22145,0.216989]","true","[{""p"":0.034766275910837086,""type"":""HORIZONTAL_FLIP""},{""type"":""Centre_crop"",""frame_size"":224},{""type"":""RANDAUGMENT"",""num_ops"":3,""magnitude"":13,""interpolation"":""bilinear"",""num_magnitude_bins"":31}]","true","32","[{""target_length"":32,""type"":""chunked"",""max_wobble"":3}]","0.18317310382905228","1","0.0005242286635022429","0","224","0.034766275910837086","13","200","3","0.01","0.18317310382905228","supervised","31","3","0.00025385493074516136","0.03420183351906139","0.0002692337936519967","0.00027167795729562445","0.0005242286635022429","20","0","14","2","CosineAnnealingWarmRestarts","1","0.020190308033389608","8","0.020190308033389608","loss","0.01","min","20","val","early_stopper","14","32","2","8","8","200","1","1","8","94.1747572815534","96.25","58.28402366863905","63","0.19809106918085423","0.23308373959735035","1.8623634280393755","20","11400"
"S3D_asl100_7kfqnjmd","47.0414201183432","1.9062409044419033","7kfqnjmd","failed","-","","","2026-08-22T08:16:48.000Z","1701","","/home/luke/Code/SLR/src/configfiles/sweeps/S3D/exp004/base.py","WLASL","7kfqnjmd","S3D","false","/home/luke/Code/SLR/src/runs/asl100/S3D/sweep_qsh82m4w/7kfqnjmd/checkpoints","42","asl100","0.000937368399381024","0.0000725234473761091","8","0.00005529419112396719","0.000024670373449994577","224","true","32","224","[0.43216,0.394666,0.37645]","[0.22803,0.22145,0.216989]","true","[{""type"":""Centre_crop"",""frame_size"":224}]","true","32","[{""type"":""uniform"",""max_wobble"":0,""target_length"":32}]","224","[0.43216,0.394666,0.37645]","[0.22803,0.22145,0.216989]","true","[{""type"":""HORIZONTAL_FLIP"",""p"":0.1453486196869559},{""type"":""Centre_crop"",""frame_size"":224},{""magnitude"":12,""interpolation"":""bilinear"",""num_magnitude_bins"":31,""type"":""RANDAUGMENT"",""num_ops"":6}]","true","32","[{""max_wobble"":3,""target_length"":32,""type"":""chunked""}]","0.1825798603107248","1","0.00016801787817690575","0","224","0.1453486196869559","12","200","3","0.01","0.1825798603107248","supervised","31","6","0.000937368399381024","0.0000725234473761091","0.00005529419112396719","0.000024670373449994577","0.00016801787817690575","20","0","17","2","CosineAnnealingWarmRestarts","1","0.31602781015729514","5","0.31602781015729514","loss","0.01","min","20","val","early_stopper","17","32","2","8","8","200","1","1","5","60.95700416088766","65","47.0414201183432","15","1.457430445701504","1.267304813861847","1.9062409044419033","0","2780"
"S3D_asl100_dcxesuyu","60.05917159763314","1.7749002505262348","dcxesuyu","failed","-","","","2026-08-22T08:16:08.000Z","15424","","/home/luke/Code/SLR/src/configfiles/sweeps/S3D/exp004/base.py","WLASL","dcxesuyu","S3D","false","/home/luke/Code/SLR/src/runs/asl100/S3D/sweep_qsh82m4w/dcxesuyu/checkpoints","42","asl100","0.00013238777694552883","0.0011101706034078948","8","0.001878341415774495","0.00035357485540104584","224","true","32","224","[0.43216,0.394666,0.37645]","[0.22803,0.22145,0.216989]","true","[{""type"":""Centre_crop"",""frame_size"":224}]","true","32","[{""type"":""uniform"",""max_wobble"":0,""target_length"":32}]","224","[0.43216,0.394666,0.37645]","[0.22803,0.22145,0.216989]","true","[{""p"":0.36727155646300985,""type"":""HORIZONTAL_FLIP""},{""type"":""Centre_crop"",""frame_size"":224},{""num_ops"":6,""magnitude"":7,""interpolation"":""bilinear"",""num_magnitude_bins"":31,""type"":""RANDAUGMENT""}]","true","32","[{""max_wobble"":1,""target_length"":32,""type"":""chunked""}]","0.3717378970861013","1","8.92108594300371e-7","0","224","0.36727155646300985","7","200","1","0.01","0.3717378970861013","supervised","31","6","0.00013238777694552883","0.0011101706034078948","0.001878341415774495","0.00035357485540104584","8.92108594300371e-7","20","0","13","2","CosineAnnealingWarmRestarts","1","0.056799970264913395","8","0.056799970264913395","loss","0.01","min","20","val","early_stopper","13","32","2","8","8","200","1","1","8","86.40776699029126","87.5","60.05917159763314","15","0.45785287565625327","0.4216340601444245","1.7749002505262348","0","2780"
"S3D_asl100_yzddjbnk","57.10059171597633","1.6890222342598242","yzddjbnk","failed","-","","","2026-08-22T07:47:53.000Z","1695","","/home/luke/Code/SLR/src/configfiles/sweeps/S3D/exp004/base.py","WLASL","yzddjbnk","S3D","false","/home/luke/Code/SLR/src/runs/asl100/S3D/sweep_qsh82m4w/yzddjbnk/checkpoints","42","asl100","0.00010082237430352924","0.00009988119612797008","8","0.000018870461628577805","0.00018439046155934545","224","true","32","224","[0.43216,0.394666,0.37645]","[0.22803,0.22145,0.216989]","true","[{""frame_size"":224,""type"":""Centre_crop""}]","true","32","[{""type"":""uniform"",""max_wobble"":0,""target_length"":32}]","224","[0.43216,0.394666,0.37645]","[0.22803,0.22145,0.216989]","true","[{""p"":0.1270539802293686,""type"":""HORIZONTAL_FLIP""},{""type"":""Centre_crop"",""frame_size"":224},{""interpolation"":""bilinear"",""num_magnitude_bins"":31,""type"":""RANDAUGMENT"",""num_ops"":4,""magnitude"":11}]","true","32","[{""max_wobble"":3,""target_length"":32,""type"":""chunked""}]","0.21548989123176537","1","0.000002356167280783408","0","224","0.1270539802293686","11","200","3","0.01","0.21548989123176537","supervised","31","4","0.00010082237430352924","0.00009988119612797008","0.000018870461628577805","0.00018439046155934545","0.000002356167280783408","20","0","17","2","CosineAnnealingWarmRestarts","1","0.15061669123736493","5","0.15061669123736493","loss","0.01","min","20","val","early_stopper","17","32","2","8","8","200","1","1","5","77.4618585298197","82.5","57.10059171597633","15","1.4845944595072371","1.317428332567215","1.6890222342598242","0","2800"
"S3D_asl100_q9cw8gcd","74.2603550295858","1.0141795309629538","q9cw8gcd","finished","-","","sweep","2026-08-22T07:47:11.000Z","27388","","/home/luke/Code/SLR/src/configfiles/sweeps/S3D/exp004/base.py","WLASL","q9cw8gcd","S3D","true","/home/luke/Code/SLR/src/runs/asl100/S3D/sweep_qsh82m4w/q9cw8gcd/checkpoints","42","asl100","0.00027580209685360653","0.0019067755343673825","8","0.000009759394378332443","0.012004061026160103","224","true","32","224","[0.43216,0.394666,0.37645]","[0.22803,0.22145,0.216989]","true","[{""type"":""Centre_crop"",""frame_size"":224}]","true","32","[{""type"":""uniform"",""max_wobble"":0,""target_length"":32}]","224","[0.43216,0.394666,0.37645]","[0.22803,0.22145,0.216989]","true","[{""p"":0.10460956006006106,""type"":""HORIZONTAL_FLIP""},{""type"":""Centre_crop"",""frame_size"":224},{""num_magnitude_bins"":31,""type"":""RANDAUGMENT"",""num_ops"":2,""magnitude"":9,""interpolation"":""bilinear""}]","true","32","[{""type"":""chunked"",""max_wobble"":3,""target_length"":32}]","0.11695808753242842","1","0.0000012469013716966764","0","224","0.10460956006006106","9","200","3","0.01","0.11695808753242842","supervised","31","2","0.00027580209685360653","0.0019067755343673825","0.000009759394378332443","0.012004061026160103","0.0000012469013716966764","20","0","16","2","CosineAnnealingWarmRestarts","1","0.34766267676723145","2","0.34766267676723145","loss","0.01","min","20","val","early_stopper","16","32","2","8","8","200","1","1","2","98.89042995839112","98.75","74.2603550295858","39","0.06160102833976941","0.0853355124592781","1.1720235589635617","20","6870"
"S3D_asl100_hxfr40im","58.875739644970416","2.6363487568590114","hxfr40im","failed","-","","","2026-08-22T07:18:54.000Z","1697","","/home/luke/Code/SLR/src/configfiles/sweeps/S3D/exp004/base.py","WLASL","hxfr40im","S3D","false","/home/luke/Code/SLR/src/runs/asl100/S3D/sweep_qsh82m4w/hxfr40im/checkpoints","42","asl100","0.00003704410868370497","0.00005055045923268651","8","0.005970915973738316","0.00023996078038391992","224","true","32","224","[0.43216,0.394666,0.37645]","[0.22803,0.22145,0.216989]","true","[{""type"":""Centre_crop"",""frame_size"":224}]","true","32","[{""type"":""uniform"",""max_wobble"":0,""target_length"":32}]","224","[0.43216,0.394666,0.37645]","[0.22803,0.22145,0.216989]","true","[{""p"":0.2849371289593423,""type"":""HORIZONTAL_FLIP""},{""type"":""Centre_crop"",""frame_size"":224},{""interpolation"":""bilinear"",""num_magnitude_bins"":31,""type"":""RANDAUGMENT"",""num_ops"":3,""magnitude"":9}]","true","32","[{""type"":""chunked"",""max_wobble"":2,""target_length"":32}]","0.21789355670359864","1","8.735522312761331e-7","0","224","0.2849371289593423","9","200","2","0.01","0.21789355670359864","supervised","31","3","0.00003704410868370497","0.00005055045923268651","0.005970915973738316","0.00023996078038391992","8.735522312761331e-7","20","0","12","2","CosineAnnealingWarmRestarts","1","0.09818566496318576","2","0.09818566496318576","loss","0.01","min","20","val","early_stopper","12","32","2","8","8","200","1","1","2","56.657420249653256","57.5","41.42011834319526","15","2.1761275207864097","2.4003724575042726","7.929835798599867","1","2810"
"S3D_asl100_9g2a9bns","74.2603550295858","0.9829398746430812","9g2a9bns","failed","-","","","2026-08-22T07:18:09.000Z","17162","","/home/luke/Code/SLR/src/configfiles/sweeps/S3D/exp004/base.py","WLASL","9g2a9bns","S3D","false","/home/luke/Code/SLR/src/runs/asl100/S3D/sweep_qsh82m4w/9g2a9bns/checkpoints","42","asl100","0.0008391602868003286","0.000024660971003689713","8","0.0008031930105542486","0.09290036463166942","224","true","32","224","[0.43216,0.394666,0.37645]","[0.22803,0.22145,0.216989]","true","[{""frame_size"":224,""type"":""Centre_crop""}]","true","32","[{""type"":""uniform"",""max_wobble"":0,""target_length"":32}]","224","[0.43216,0.394666,0.37645]","[0.22803,0.22145,0.216989]","true","[{""p"":0.19442251599583735,""type"":""HORIZONTAL_FLIP""},{""type"":""Centre_crop"",""frame_size"":224},{""num_magnitude_bins"":31,""type"":""RANDAUGMENT"",""num_ops"":4,""magnitude"":13,""interpolation"":""bilinear""}]","true","32","[{""type"":""chunked"",""max_wobble"":0,""target_length"":32}]","0.2649896210369431","1","0.000007015829787709367","0","224","0.19442251599583735","13","200","0","0.01","0.2649896210369431","supervised","31","4","0.0008391602868003286","0.000024660971003689713","0.0008031930105542486","0.09290036463166942","0.000007015829787709367","20","0","11","2","CosineAnnealingWarmRestarts","1","0.022003234619550345","5","0.022003234619550345","loss","0.01","min","20","val","early_stopper","11","32","2","8","8","200","1","1","5","77.53120665742026","81.25","34.319526627218934","45","0.7486286550636265","0.5910519078373909","4.717280245459785","7","8270"
"S3D_asl100_7h2fsgkw","57.98816568047337","1.6615485808872013","7h2fsgkw","failed","-","","","2026-08-22T06:49:48.000Z","1701","","/home/luke/Code/SLR/src/configfiles/sweeps/S3D/exp004/base.py","WLASL","7h2fsgkw","S3D","false","/home/luke/Code/SLR/src/runs/asl100/S3D/sweep_qsh82m4w/7h2fsgkw/checkpoints","42","asl100","0.00012461408226113025","0.010999573297311063","8","0.000019589113429435327","0.0000743362109312819","224","true","32","224","[0.43216,0.394666,0.37645]","[0.22803,0.22145,0.216989]","true","[{""type"":""Centre_crop"",""frame_size"":224}]","true","32","[{""type"":""uniform"",""max_wobble"":0,""target_length"":32}]","224","[0.43216,0.394666,0.37645]","[0.22803,0.22145,0.216989]","true","[{""p"":0.4306273804796226,""type"":""HORIZONTAL_FLIP""},{""type"":""Centre_crop"",""frame_size"":224},{""magnitude"":11,""interpolation"":""bilinear"",""num_magnitude_bins"":31,""type"":""RANDAUGMENT"",""num_ops"":4}]","true","32","[{""type"":""chunked"",""max_wobble"":1,""target_length"":32}]","0.11427268661092456","1","0.0000013940716379635883","0","224","0.4306273804796226","11","200","1","0.01","0.11427268661092456","supervised","31","4","0.00012461408226113025","0.010999573297311063","0.000019589113429435327","0.0000743362109312819","0.0000013940716379635883","20","0","15","2","CosineAnnealingWarmRestarts","1","0.02412539516939981","5","0.02412539516939981","loss","0.01","min","20","val","early_stopper","15","32","2","8","8","200","1","1","5","80.23578363384189","86.25","57.98816568047337","15","1.32455287131787","1.136909657716751","1.6615485808872013","0","2810"
"S3D_asl100_0lo6lj0e","73.37278106508876","1.0564805905433603","0lo6lj0e","failed","-","","","2026-08-22T05:26:52.000Z","4933","","/home/luke/Code/SLR/src/configfiles/sweeps/S3D/exp004/base.py","WLASL","0lo6lj0e","S3D","false","/home/luke/Code/SLR/src/runs/asl100/S3D/sweep_qsh82m4w/0lo6lj0e/checkpoints","42","asl100","0.0006034533039496669","0.003950353548487411","8","0.0014660143204505546","0.003600684217784671","224","true","32","224","[0.43216,0.394666,0.37645]","[0.22803,0.22145,0.216989]","true","[{""type"":""Centre_crop"",""frame_size"":224}]","true","32","[{""type"":""uniform"",""max_wobble"":0,""target_length"":32}]","224","[0.43216,0.394666,0.37645]","[0.22803,0.22145,0.216989]","true","[{""type"":""HORIZONTAL_FLIP"",""p"":0.1613796008738123},{""type"":""Centre_crop"",""frame_size"":224},{""type"":""RANDAUGMENT"",""num_ops"":4,""magnitude"":12,""interpolation"":""bilinear"",""num_magnitude_bins"":31}]","true","32","[{""type"":""chunked"",""max_wobble"":3,""target_length"":32}]","0.12981937918262507","1","0.000006880360253334842","0","224","0.1613796008738123","12","200","3","0.01","0.12981937918262507","supervised","31","4","0.0006034533039496669","0.003950353548487411","0.0014660143204505546","0.003600684217784671","0.000006880360253334842","20","0","12","2","CosineAnnealingWarmRestarts","1","0.007675635504381294","2","0.007675635504381294","loss","0.01","min","20","val","early_stopper","12","32","2","8","8","200","1","1","2","79.75034674063801","88.75","35.20710059171598","45","0.6644500991673146","0.4264554612338543","4.470905858943094","8","8160"
"S3D_asl100_fnf3bai5","71.00591715976331","1.283935625057916","fnf3bai5","finished","-","","","2026-08-22T04:18:55.000Z","4036","","/home/luke/Code/SLR/src/configfiles/sweeps/S3D/exp004/base.py","WLASL","fnf3bai5","S3D","false","/home/luke/Code/SLR/src/runs/asl100/S3D/sweep_qsh82m4w/fnf3bai5/checkpoints","42","asl100","0.00006697073597968933","0.00032254874000921084","8","0.0010432724736303112","0.0020340112698150553","224","true","32","224","[0.43216,0.394666,0.37645]","[0.22803,0.22145,0.216989]","true","[{""type"":""Centre_crop"",""frame_size"":224}]","true","32","[{""type"":""uniform"",""max_wobble"":0,""target_length"":32}]","224","[0.43216,0.394666,0.37645]","[0.22803,0.22145,0.216989]","true","[{""p"":0.10345100155183734,""type"":""HORIZONTAL_FLIP""},{""type"":""Centre_crop"",""frame_size"":224},{""magnitude"":14,""interpolation"":""bilinear"",""num_magnitude_bins"":31,""type"":""RANDAUGMENT"",""num_ops"":2}]","true","32","[{""max_wobble"":1,""target_length"":32,""type"":""chunked""}]","0.116794331952835","1","0.0000016258658424930485","0","224","0.10345100155183734","14","200","1","0.01","0.116794331952835","supervised","31","2","0.00006697073597968933","0.00032254874000921084","0.0010432724736303112","0.0020340112698150553","0.0000016258658424930485","20","0","12","2","CosineAnnealingWarmRestarts","1","0.04428246237605625","5","0.04428246237605625","loss","0.01","min","20","val","early_stopper","12","32","2","8","8","200","1","1","5","98.6130374479889","98.75","71.00591715976331","37","0.06709550223836415","0.054534003627486526","1.4395504548947764","20","6690"
"S3D_asl100_639lnbjc","75.14792899408285","1.018010489256693","639lnbjc","finished","-","","","2026-08-22T01:50:15.000Z","4694","","/home/luke/Code/SLR/src/configfiles/sweeps/S3D/exp004/base.py","WLASL","639lnbjc","S3D","false","/home/luke/Code/SLR/src/runs/asl100/S3D/sweep_qsh82m4w/639lnbjc/checkpoints","42","asl100","0.00014217734141138593","0.0032991730391272274","8","0.000011982734486187746","0.0017801313706748733","224","true","32","224","[0.43216,0.394666,0.37645]","[0.22803,0.22145,0.216989]","true","[{""type"":""Centre_crop"",""frame_size"":224}]","true","32","[{""type"":""uniform"",""max_wobble"":0,""target_length"":32}]","224","[0.43216,0.394666,0.37645]","[0.22803,0.22145,0.216989]","true","[{""p"":0.13232762096761458,""type"":""HORIZONTAL_FLIP""},{""type"":""Centre_crop"",""frame_size"":224},{""type"":""RANDAUGMENT"",""num_ops"":3,""magnitude"":10,""interpolation"":""bilinear"",""num_magnitude_bins"":31}]","true","32","[{""type"":""chunked"",""max_wobble"":2,""target_length"":32}]","0.19223829451906504","1","0.000014822880726728318","0","224","0.13232762096761458","10","200","2","0.01","0.19223829451906504","supervised","31","3","0.00014217734141138593","0.0032991730391272274","0.000011982734486187746","0.0017801313706748733","0.000014822880726728318","20","0","21","2","CosineAnnealingWarmRestarts","1","0.4883121977949605","2","0.4883121977949605","loss","0.01","min","20","val","early_stopper","21","32","2","8","8","200","1","1","2","98.19694868238558","97.5","68.63905325443787","43","0.11367005351078328","0.1257169393822551","1.3720381013215892","20","7780"
"S3D_asl100_dr8w0qxh","73.96449704142012","1.0218503407557016","dr8w0qxh","finished","-","","","2026-08-22T01:49:30.000Z","8925","","/home/luke/Code/SLR/src/configfiles/sweeps/S3D/exp004/base.py","WLASL","dr8w0qxh","S3D","false","/home/luke/Code/SLR/src/runs/asl100/S3D/sweep_qsh82m4w/dr8w0qxh/checkpoints","42","asl100","0.00015472329539029537","0.0006993155025059092","8","0.0006174439406770961","0.0016182326415088504","224","true","32","224","[0.43216,0.394666,0.37645]","[0.22803,0.22145,0.216989]","true","[{""type"":""Centre_crop"",""frame_size"":224}]","true","32","[{""max_wobble"":0,""target_length"":32,""type"":""uniform""}]","224","[0.43216,0.394666,0.37645]","[0.22803,0.22145,0.216989]","true","[{""p"":0.03700250013939127,""type"":""HORIZONTAL_FLIP""},{""type"":""Centre_crop"",""frame_size"":224},{""magnitude"":9,""interpolation"":""bilinear"",""num_magnitude_bins"":31,""type"":""RANDAUGMENT"",""num_ops"":3}]","true","32","[{""max_wobble"":0,""target_length"":32,""type"":""chunked""}]","0.12555393705303258","1","0.00001280101980377631","0","224","0.03700250013939127","9","200","0","0.01","0.12555393705303258","supervised","31","3","0.00015472329539029537","0.0006993155025059092","0.0006174439406770961","0.0016182326415088504","0.00001280101980377631","20","0","18","2","CosineAnnealingWarmRestarts","1","0.042493466235119653","0","0.042493466235119653","loss","0.01","min","20","val","early_stopper","18","32","2","8","8","200","1","1","0","97.36477115117891","98.75","65.97633136094674","38","0.09327297369515504","0.07622680682688951","1.7779899375074637","20","6870"
"S3D_asl100_zharpgj6","75.44378698224853","0.9794815792700576","zharpgj6","failed","-","","","2026-08-22T00:26:31.000Z","4982","","/home/luke/Code/SLR/src/configfiles/sweeps/S3D/exp004/base.py","WLASL","zharpgj6","S3D","false","/home/luke/Code/SLR/src/runs/asl100/S3D/sweep_qsh82m4w/zharpgj6/checkpoints","42","asl100","0.0001366888996369026","0.00005824036196126883","8","0.000097915317691302","0.00006973464846095757","224","true","32","224","[0.43216,0.394666,0.37645]","[0.22803,0.22145,0.216989]","true","[{""type"":""Centre_crop"",""frame_size"":224}]","true","32","[{""type"":""uniform"",""max_wobble"":0,""target_length"":32}]","224","[0.43216,0.394666,0.37645]","[0.22803,0.22145,0.216989]","true","[{""p"":0.09982035818991151,""type"":""HORIZONTAL_FLIP""},{""type"":""Centre_crop"",""frame_size"":224},{""num_magnitude_bins"":31,""type"":""RANDAUGMENT"",""num_ops"":3,""magnitude"":10,""interpolation"":""bilinear""}]","true","32","[{""type"":""chunked"",""max_wobble"":6,""target_length"":32}]","0.3173556773832458","1","0.000009963397446949956","0","224","0.09982035818991151","10","200","6","0.01","0.3173556773832458","supervised","31","3","0.0001366888996369026","0.00005824036196126883","0.000097915317691302","0.00006973464846095757","0.000009963397446949956","20","0","12","2","CosineAnnealingWarmRestarts","1","0.1100675657504168","0","0.1100675657504168","loss","0.01","min","20","val","early_stopper","12","32","2","8","8","200","1","1","0","95.7004160887656","93.75","64.49704142011835","45","0.1943320976247321","0.21555325035005807","1.515227701881707","9","8260"
"S3D_asl100_vplfvlbl","76.33136094674556","0.9360635583784952","vplfvlbl","finished","-","","sweep","2026-08-21T21:08:48.000Z","7816","","/home/luke/Code/SLR/src/configfiles/sweeps/S3D/exp004/base.py","WLASL","vplfvlbl","S3D","true","/home/luke/Code/SLR/src/runs/asl100/S3D/sweep_qsh82m4w/vplfvlbl/checkpoints","42","asl100","0.00017596719808894734","0.00005451659201085245","8","0.00006037239041947829","0.0015086109379272728","224","true","32","224","[0.43216,0.394666,0.37645]","[0.22803,0.22145,0.216989]","true","[{""type"":""Centre_crop"",""frame_size"":224}]","true","32","[{""type"":""uniform"",""max_wobble"":0,""target_length"":32}]","224","[0.43216,0.394666,0.37645]","[0.22803,0.22145,0.216989]","true","[{""p"":0.2830715256636231,""type"":""HORIZONTAL_FLIP""},{""type"":""Centre_crop"",""frame_size"":224},{""magnitude"":13,""interpolation"":""bilinear"",""num_magnitude_bins"":31,""type"":""RANDAUGMENT"",""num_ops"":4}]","true","32","[{""type"":""chunked"",""max_wobble"":1,""target_length"":32}]","0.2674039793155921","1","0.000007165314069016353","0","224","0.2830715256636231","13","200","1","0.01","0.2674039793155921","supervised","31","4","0.00017596719808894734","0.00005451659201085245","0.00006037239041947829","0.0015086109379272728","0.000007165314069016353","20","0","16","2","CosineAnnealingWarmRestarts","1","0.05497848106203004","0","0.05497848106203004","loss","0.01","min","20","val","early_stopper","16","32","2","8","8","200","1","1","0","94.86823855755894","96.25","68.04733727810651","67","0.19441421088167105","0.1615629805251956","1.4797265725159694","20","11760"
"S3D_asl100_c3xd4kr0","71.59763313609467","1.0953611972034565","c3xd4kr0","finished","-","","","2026-08-21T21:08:09.000Z","11859","","/home/luke/Code/SLR/src/configfiles/sweeps/S3D/exp004/base.py","WLASL","c3xd4kr0","S3D","false","/home/luke/Code/SLR/src/runs/asl100/S3D/sweep_qsh82m4w/c3xd4kr0/checkpoints","42","asl100","0.00038844334413268137","0.00014021028738332635","8","0.004442467631198296","0.05093811331160334","224","true","32","224","[0.43216,0.394666,0.37645]","[0.22803,0.22145,0.216989]","true","[{""frame_size"":224,""type"":""Centre_crop""}]","true","32","[{""type"":""uniform"",""max_wobble"":0,""target_length"":32}]","224","[0.43216,0.394666,0.37645]","[0.22803,0.22145,0.216989]","true","[{""p"":0.22757855359007137,""type"":""HORIZONTAL_FLIP""},{""type"":""Centre_crop"",""frame_size"":224},{""type"":""RANDAUGMENT"",""num_ops"":6,""magnitude"":9,""interpolation"":""bilinear"",""num_magnitude_bins"":31}]","true","32","[{""type"":""chunked"",""max_wobble"":0,""target_length"":32}]","0.18908150581121064","1","0.000005593448964675507","0","224","0.22757855359007137","9","200","0","0.01","0.18908150581121064","supervised","31","6","0.00038844334413268137","0.00014021028738332635","0.004442467631198296","0.05093811331160334","0.000005593448964675507","20","0","14","2","CosineAnnealingWarmRestarts","1","0.05104831160306071","2","0.05104831160306071","loss","0.01","min","20","val","early_stopper","14","32","2","8","8","200","1","1","2","97.15672676837724","96.25","71.59763313609467","36","0.11335382144381492","0.16422015754505992","1.12614440823359","20","6510"
"S3D_asl100_alpxxyda","45.5621301775148","2.2537233976889386","alpxxyda","failed","-","","","2026-08-21T20:40:05.000Z","1683","","/home/luke/Code/SLR/src/configfiles/sweeps/S3D/exp004/base.py","WLASL","alpxxyda","S3D","false","/home/luke/Code/SLR/src/runs/asl100/S3D/sweep_qsh82m4w/alpxxyda/checkpoints","42","asl100","0.00033445026141016866","0.0002304211769026644","8","0.00011354950177275209","0.0017929929843198218","224","true","32","224","[0.43216,0.394666,0.37645]","[0.22803,0.22145,0.216989]","true","[{""type"":""Centre_crop"",""frame_size"":224}]","true","32","[{""type"":""uniform"",""max_wobble"":0,""target_length"":32}]","224","[0.43216,0.394666,0.37645]","[0.22803,0.22145,0.216989]","true","[{""p"":0.07214931307559469,""type"":""HORIZONTAL_FLIP""},{""type"":""Centre_crop"",""frame_size"":224},{""interpolation"":""bilinear"",""num_magnitude_bins"":31,""type"":""RANDAUGMENT"",""num_ops"":2,""magnitude"":11}]","true","32","[{""target_length"":32,""type"":""chunked"",""max_wobble"":1}]","0.19618822780614736","1","9.93208027406858e-7","0","224","0.07214931307559469","11","200","1","0.01","0.19618822780614736","supervised","31","2","0.00033445026141016866","0.0002304211769026644","0.00011354950177275209","0.0017929929843198218","9.93208027406858e-7","20","0","19","2","CosineAnnealingWarmRestarts","1","0.041081465192984744","8","0.041081465192984744","loss","0.01","min","20","val","early_stopper","19","32","2","8","8","200","1","1","8","88.97364771151179","95","42.89940828402367","15","0.52407885974224","0.4103726625442505","2.3105716101890508","1","2780"
"S3D_asl100_ljd15mx6","79.28994082840237","0.9130855701854476","ljd15mx6","finished","-","","","2026-08-21T18:39:07.000Z","7217","","/home/luke/Code/SLR/src/configfiles/sweeps/S3D/exp004/base.py","WLASL","ljd15mx6","S3D","false","/home/luke/Code/SLR/src/runs/asl100/S3D/sweep_qsh82m4w/ljd15mx6/checkpoints","42","asl100","0.00010379706085018952","0.00010821238362047896","8","0.00008927907843694793","0.0023336461129894485","224","true","32","224","[0.43216,0.394666,0.37645]","[0.22803,0.22145,0.216989]","true","[{""type"":""Centre_crop"",""frame_size"":224}]","true","32","[{""type"":""uniform"",""max_wobble"":0,""target_length"":32}]","224","[0.43216,0.394666,0.37645]","[0.22803,0.22145,0.216989]","true","[{""p"":0.09711132727125836,""type"":""HORIZONTAL_FLIP""},{""type"":""Centre_crop"",""frame_size"":224},{""num_ops"":4,""magnitude"":12,""interpolation"":""bilinear"",""num_magnitude_bins"":31,""type"":""RANDAUGMENT""}]","true","32","[{""max_wobble"":2,""target_length"":32,""type"":""chunked""}]","0.1703941725327196","1","0.00010400447987998356","0","224","0.09711132727125836","12","200","2","0.01","0.1703941725327196","supervised","31","4","0.00010379706085018952","0.00010821238362047896","0.00008927907843694793","0.0023336461129894485","0.00010400447987998356","20","0","15","2","CosineAnnealingWarmRestarts","1","0.16751079896200996","5","0.16751079896200996","loss","0.01","min","20","val","early_stopper","15","32","2","8","8","200","1","1","5","96.6019417475728","97.5","68.93491124260355","66","0.12788374770184702","0.1114818200469017","1.3596323956149037","20","11940"
"S3D_asl100_xb7mcu62","74.55621301775147","0.9928591658445683","xb7mcu62","finished","-","","","2026-08-21T16:27:50.000Z","4047","","/home/luke/Code/SLR/src/configfiles/sweeps/S3D/exp004/base.py","WLASL","xb7mcu62","S3D","false","/home/luke/Code/SLR/src/runs/asl100/S3D/sweep_qsh82m4w/xb7mcu62/checkpoints","42","asl100","0.00035646087998620734","0.000030333369586710647","8","0.0004201383123063511","0.0036601818317419377","224","true","32","224","[0.43216,0.394666,0.37645]","[0.22803,0.22145,0.216989]","true","[{""type"":""Centre_crop"",""frame_size"":224}]","true","32","[{""type"":""uniform"",""max_wobble"":0,""target_length"":32}]","224","[0.43216,0.394666,0.37645]","[0.22803,0.22145,0.216989]","true","[{""p"":0.2681894014067595,""type"":""HORIZONTAL_FLIP""},{""type"":""Centre_crop"",""frame_size"":224},{""type"":""RANDAUGMENT"",""num_ops"":4,""magnitude"":10,""interpolation"":""bilinear"",""num_magnitude_bins"":31}]","true","32","[{""type"":""chunked"",""max_wobble"":3,""target_length"":32}]","0.11511617268547064","1","5.262943196573496e-7","0","224","0.2681894014067595","10","200","3","0.01","0.11511617268547064","supervised","31","4","0.00035646087998620734","0.000030333369586710647","0.0004201383123063511","0.0036601818317419377","5.262943196573496e-7","20","0","15","2","CosineAnnealingWarmRestarts","1","0.00920448227636508","2","0.00920448227636508","loss","0.01","min","20","val","early_stopper","15","32","2","8","8","200","1","1","2","97.36477115117891","98.75","73.37278106508876","37","0.08777398698874096","0.06083638723939657","1.0230947991384334","20","6690"
"S3D_asl100_53talw12","71.59763313609467","1.2444413084731476","53talw12","finished","-","","","2026-08-21T16:27:08.000Z","7878","","/home/luke/Code/SLR/src/configfiles/sweeps/S3D/exp004/base.py","WLASL","53talw12","S3D","false","/home/luke/Code/SLR/src/runs/asl100/S3D/sweep_qsh82m4w/53talw12/checkpoints","42","asl100","0.0003991817774077903","0.001154529757171821","8","0.003630011047696741","0.0030980170187653658","224","true","32","224","[0.43216,0.394666,0.37645]","[0.22803,0.22145,0.216989]","true","[{""type"":""Centre_crop"",""frame_size"":224}]","true","32","[{""type"":""uniform"",""max_wobble"":0,""target_length"":32}]","224","[0.43216,0.394666,0.37645]","[0.22803,0.22145,0.216989]","true","[{""p"":0.0945727130294336,""type"":""HORIZONTAL_FLIP""},{""type"":""Centre_crop"",""frame_size"":224},{""type"":""RANDAUGMENT"",""num_ops"":6,""magnitude"":13,""interpolation"":""bilinear"",""num_magnitude_bins"":31}]","true","32","[{""target_length"":32,""type"":""chunked"",""max_wobble"":1}]","0.20920868796082193","1","0.000008975382953548126","0","224","0.0945727130294336","13","200","1","0.01","0.20920868796082193","supervised","31","6","0.0003991817774077903","0.001154529757171821","0.003630011047696741","0.0030980170187653658","0.000008975382953548126","20","0","12","2","CosineAnnealingWarmRestarts","1","0.03583012192653403","2","0.03583012192653403","loss","0.01","min","20","val","early_stopper","12","32","2","8","8","200","1","1","2","94.9375866851595","96.25","71.59763313609467","34","0.1764496003953164","0.1308991146273911","1.322138277140939","20","6150"
"S3D_asl100_5tboc5ym","71.00591715976331","1.0924464794769249","5tboc5ym","failed","-","","","2026-08-21T15:49:21.000Z","2267","","/home/luke/Code/SLR/src/configfiles/sweeps/S3D/exp004/base.py","WLASL","5tboc5ym","S3D","false","/home/luke/Code/SLR/src/runs/asl100/S3D/sweep_qsh82m4w/5tboc5ym/checkpoints","42","asl100","0.0007109776990768407","0.0020991979321040403","8","0.00001217950809205423","0.00019149076872642892","224","true","32","224","[0.43216,0.394666,0.37645]","[0.22803,0.22145,0.216989]","true","[{""type"":""Centre_crop"",""frame_size"":224}]","true","32","[{""type"":""uniform"",""max_wobble"":0,""target_length"":32}]","224","[0.43216,0.394666,0.37645]","[0.22803,0.22145,0.216989]","true","[{""p"":0.2094706953239736,""type"":""HORIZONTAL_FLIP""},{""type"":""Centre_crop"",""frame_size"":224},{""type"":""RANDAUGMENT"",""num_ops"":4,""magnitude"":7,""interpolation"":""bilinear"",""num_magnitude_bins"":31}]","true","32","[{""max_wobble"":1,""target_length"":32,""type"":""chunked""}]","0.15086769529126193","1","0.0000010028391848879535","0","224","0.2094706953239736","7","200","1","0.01","0.15086769529126193","supervised","31","4","0.0007109776990768407","0.0020991979321040403","0.00001217950809205423","0.00019149076872642892","0.0000010028391848879535","20","0","19","2","CosineAnnealingWarmRestarts","1","0.0970164066310633","5","0.0970164066310633","loss","0.01","min","20","val","early_stopper","19","32","2","8","8","200","1","1","5","95.83911234396672","100","71.00591715976331","20","0.2943943402059531","0.15402341969311237","1.0924464794769249","0","3760"
"S3D_asl100_kh1x3ywm","70.71005917159763","1.3544638545640104","kh1x3ywm","finished","-","","","2026-08-21T14:39:39.000Z","4141","","/home/luke/Code/SLR/src/configfiles/sweeps/S3D/exp004/base.py","WLASL","kh1x3ywm","S3D","false","/home/luke/Code/SLR/src/runs/asl100/S3D/sweep_qsh82m4w/kh1x3ywm/checkpoints","42","asl100","0.00015929742170123982","0.00004474179818085896","8","0.002762902485185256","0.0009452692358921784","224","true","32","224","[0.43216,0.394666,0.37645]","[0.22803,0.22145,0.216989]","true","[{""type"":""Centre_crop"",""frame_size"":224}]","true","32","[{""type"":""uniform"",""max_wobble"":0,""target_length"":32}]","224","[0.43216,0.394666,0.37645]","[0.22803,0.22145,0.216989]","true","[{""p"":0.1512201085549586,""type"":""HORIZONTAL_FLIP""},{""type"":""Centre_crop"",""frame_size"":224},{""interpolation"":""bilinear"",""num_magnitude_bins"":31,""type"":""RANDAUGMENT"",""num_ops"":1,""magnitude"":10}]","true","32","[{""type"":""chunked"",""max_wobble"":4,""target_length"":32}]","0.223840927309776","1","0.000012503805752044364","0","224","0.1512201085549586","10","200","4","0.01","0.223840927309776","supervised","31","1","0.00015929742170123982","0.00004474179818085896","0.002762902485185256","0.0009452692358921784","0.000012503805752044364","20","0","16","2","CosineAnnealingWarmRestarts","1","0.2719347732796995","2","0.2719347732796995","loss","0.01","min","20","val","early_stopper","16","32","2","8","8","200","1","1","2","97.91955617198336","97.5","69.5266272189349","38","0.08052992545383603","0.1539586125756614","1.947254293139528","20","6870"
"S3D_asl100_4b1e7ine","77.51479289940828","0.9665450175468232","4b1e7ine","finished","-","","","2026-08-21T13:38:47.000Z","3611","","/home/luke/Code/SLR/src/configfiles/sweeps/S3D/exp004/base.py","WLASL","4b1e7ine","S3D","false","/home/luke/Code/SLR/src/runs/asl100/S3D/sweep_qsh82m4w/4b1e7ine/checkpoints","42","asl100","0.00020380783547656827","0.00006257311638243571","8","0.0017964397780608702","0.008900606127396269","224","true","32","224","[0.43216,0.394666,0.37645]","[0.22803,0.22145,0.216989]","true","[{""type"":""Centre_crop"",""frame_size"":224}]","true","32","[{""type"":""uniform"",""max_wobble"":0,""target_length"":32}]","224","[0.43216,0.394666,0.37645]","[0.22803,0.22145,0.216989]","true","[{""p"":0.16481812454706168,""type"":""HORIZONTAL_FLIP""},{""type"":""Centre_crop"",""frame_size"":224},{""num_ops"":4,""magnitude"":9,""interpolation"":""bilinear"",""num_magnitude_bins"":31,""type"":""RANDAUGMENT""}]","true","32","[{""type"":""chunked"",""max_wobble"":4,""target_length"":32}]","0.24118369162233505","1","8.496559494822172e-7","0","224","0.16481812454706168","9","200","4","0.01","0.24118369162233505","supervised","31","4","0.00020380783547656827","0.00006257311638243571","0.0017964397780608702","0.008900606127396269","8.496559494822172e-7","20","0","11","2","CosineAnnealingWarmRestarts","1","0.05653547252415208","2","0.05653547252415208","loss","0.01","min","20","val","early_stopper","11","32","2","8","8","200","1","1","2","97.64216366158114","96.25","77.51479289940828","33","0.07680875998463135","0.09358514463528993","1.100514057258889","20","5970"
"S3D_asl100_q14jonp5","70.11834319526628","1.0244155911832584","q14jonp5","finished","-","","sweep","2026-08-21T07:02:09.000Z","23752","","/home/luke/Code/SLR/src/configfiles/sweeps/S3D/exp004/base.py","WLASL","q14jonp5","S3D","true","/home/luke/Code/SLR/src/runs/asl100/S3D/sweep_qsh82m4w/q14jonp5/checkpoints","42","asl100","0.0008635310814152735","0.000044212457854747445","8","0.0001349254230229156","0.001387090408205939","224","true","32","224","[0.43216,0.394666,0.37645]","[0.22803,0.22145,0.216989]","true","[{""type"":""Centre_crop"",""frame_size"":224}]","true","32","[{""type"":""uniform"",""max_wobble"":0,""target_length"":32}]","224","[0.43216,0.394666,0.37645]","[0.22803,0.22145,0.216989]","true","[{""p"":0.05821614317500251,""type"":""HORIZONTAL_FLIP""},{""type"":""Centre_crop"",""frame_size"":224},{""num_ops"":3,""magnitude"":12,""interpolation"":""bilinear"",""num_magnitude_bins"":31,""type"":""RANDAUGMENT""}]","true","32","[{""target_length"":32,""type"":""chunked"",""max_wobble"":3}]","0.2902419346459043","1","0.00001987541463710842","0","224","0.05821614317500251","12","200","3","0.01","0.2902419346459043","supervised","31","3","0.0008635310814152735","0.000044212457854747445","0.0001349254230229156","0.001387090408205939","0.00001987541463710842","20","0","16","2","CosineAnnealingWarmRestarts","1","0.05103187611609097","5","0.05103187611609097","loss","0.01","min","20","val","early_stopper","16","32","2","8","8","200","1","1","5","95.5617198335645","95","63.905325443786985","42","0.17132781670995872","0.16664793379604817","1.4862999691025802","20","7420"
"MViTv2_B_32x3_r_asl100_exp000","75.44378698224853","1.0289553795977684","gyeckfj4","finished","-","","","2026-08-20T22:42:44.000Z","13043","","configfiles/asl100/MViTv2_S_16x4/exp003.toml","WLASL","000","MViTv2_B_32x3_r","false","/home/luke/Code/SLR/src/runs/asl100/MViTv2_B_32x3_r/exp000/checkpoints","42","asl100","","","","","","224","true","16","224","[0.45,0.45,0.45]","[0.225,0.225,0.225]","true","[{""type"":""Centre_crop"",""frame_size"":224}]","true","16","[{""target_length"":16,""type"":""og"",""randomise"":false,""max_wobble"":0}]","224","[0.45,0.45,0.45]","[0.225,0.225,0.225]","true","[{""type"":""Random_crop"",""frame_size"":224},{""p"":0.5,""type"":""HORIZONTAL_FLIP""}]","true","16","[{""type"":""og"",""randomise"":false,""max_wobble"":0,""target_length"":16}]","","","","","","","","","","","0.5","supervised","","","0.0001","0.001","0.001","0.001","0.00001","","","","","","","","","","loss","0.01","min","15","val","early_stopper","","","","4","8","200","2","","","97.78085991678223","97.5","70.11834319526628","28","0.07306515413721386","0.08210183397459332","1.370896791910396","15","5040"
"MViTv2_S_16x4_e_asl100_exp000","76.33136094674556","0.8686264456403386","uyfa2e5v","finished","-","","","2026-08-20T20:41:32.000Z","37127","","configfiles/asl100/MViTv2_S_e/exp000.toml","WLASL","000","MViTv2_S_16x4_e","true","/home/luke/Code/SLR/src/runs/asl100/MViTv2_S_16x4_e/exp000/checkpoints000","43","asl100","","","","","","224","true","32","224","[0.45,0.45,0.45]","[0.225,0.225,0.225]","true","[{""type"":""Centre_crop"",""frame_size"":224}]","true","32","[{""max_wobble"":0,""target_length"":32,""type"":""og"",""randomise"":false}]","224","[0.45,0.45,0.45]","[0.225,0.225,0.225]","true","[{""type"":""Random_crop"",""frame_size"":224},{""p"":0.5,""type"":""HORIZONTAL_FLIP""}]","true","32","[{""type"":""og"",""randomise"":false,""max_wobble"":0,""target_length"":32}]","","","","","","","","","","","0.5","supervised","","","0.0001","0.001","0.001","0.001","0.00001","","","","","","","","","","loss","0.01","min","15","val","early_stopper","","","","2","8","200","4","","","96.74063800277392","98.75","73.07692307692308","25","0.12736267660872932","0.07814594957380905","1.174683901787911","15","4320"
"MViTv2_S_16x4_e_asl100_exp000","78.10650887573965","0.9053995267680252","6o1rx8ts","finished","-","","","2026-08-20T14:32:27.000Z","22030","","configfiles/asl100/MViTv2_S_e/exp000.toml","WLASL","000","MViTv2_S_16x4_e","false","/home/luke/Code/SLR/src/runs/asl100/MViTv2_S_16x4_e/exp000/checkpoints","42","asl100","","","","","","224","true","32","224","[0.45,0.45,0.45]","[0.225,0.225,0.225]","true","[{""frame_size"":224,""type"":""Centre_crop""}]","true","32","[{""randomise"":false,""max_wobble"":0,""target_length"":32,""type"":""og""}]","224","[0.45,0.45,0.45]","[0.225,0.225,0.225]","true","[{""type"":""Random_crop"",""frame_size"":224},{""p"":0.5,""type"":""HORIZONTAL_FLIP""}]","true","32","[{""type"":""og"",""randomise"":false,""max_wobble"":0,""target_length"":32}]","","","","","","","","","","","0.5","supervised","","","0.0001","0.001","0.001","0.001","0.00001","","","","","","","","","","loss","0.01","min","15","val","early_stopper","","","","2","8","200","4","","","97.91955617198336","100","76.92307692307692","25","0.07670922661053638","0.05363191299584287","1.0252645693540674","15","4500"
"S3D_asl100_b7q8zqb7","73.96449704142012","0.9242707140770942","b7q8zqb7","finished","-","","","2026-08-18T12:22:48.000Z","4705","","/home/luke/Code/SLR/src/configfiles/sweeps/S3D/exp004/base.py","WLASL","b7q8zqb7","S3D","false","/home/luke/Code/SLR/src/runs/asl100/S3D/sweep_qsh82m4w/b7q8zqb7/checkpoints","42","asl100","0.00038569082228900425","0.03875825508451635","8","0.00007703515537505954","0.00933287843944763","224","true","32","224","[0.43216,0.394666,0.37645]","[0.22803,0.22145,0.216989]","true","[{""type"":""Centre_crop"",""frame_size"":224}]","true","32","[{""type"":""uniform"",""max_wobble"":0,""target_length"":32}]","224","[0.43216,0.394666,0.37645]","[0.22803,0.22145,0.216989]","true","[{""p"":0.23493264661666868,""type"":""HORIZONTAL_FLIP""},{""type"":""Centre_crop"",""frame_size"":224},{""type"":""RANDAUGMENT"",""num_ops"":3,""magnitude"":10,""interpolation"":""bilinear"",""num_magnitude_bins"":31}]","true","32","[{""type"":""chunked"",""max_wobble"":0,""target_length"":32}]","0.1328520682484125","1","0.000004438717747995598","0","224","0.23493264661666868","10","200","0","0.01","0.1328520682484125","supervised","31","3","0.00038569082228900425","0.03875825508451635","0.00007703515537505954","0.00933287843944763","0.000004438717747995598","20","0","21","2","CosineAnnealingWarmRestarts","1","0.01608597854224589","2","0.01608597854224589","loss","0.01","min","20","val","early_stopper","21","32","2","8","8","200","1","1","2","97.0873786407767","97.5","68.63905325443787","43","0.13328558028043969","0.14039920996874572","1.3921840979432545","20","7780"
"S3D_asl100_fdj4aqf9","74.2603550295858","1.0386521698259157","fdj4aqf9","finished","-","","sweep","2026-08-18T12:22:08.000Z","180578","","/home/luke/Code/SLR/src/configfiles/sweeps/S3D/exp004/base.py","WLASL","fdj4aqf9","S3D","true","/home/luke/Code/SLR/src/runs/asl100/S3D/sweep_qsh82m4w/fdj4aqf9/checkpoints","42","asl100","0.0001658468494542291","0.0056860849058390246","8","0.000009249317542811575","0.000031478563549671656","224","true","32","224","[0.43216,0.394666,0.37645]","[0.22803,0.22145,0.216989]","true","[{""type"":""Centre_crop"",""frame_size"":224}]","true","32","[{""type"":""uniform"",""max_wobble"":0,""target_length"":32}]","224","[0.43216,0.394666,0.37645]","[0.22803,0.22145,0.216989]","true","[{""p"":0.23189950825600947,""type"":""HORIZONTAL_FLIP""},{""type"":""Centre_crop"",""frame_size"":224},{""magnitude"":11,""interpolation"":""bilinear"",""num_magnitude_bins"":31,""type"":""RANDAUGMENT"",""num_ops"":2}]","true","32","[{""type"":""chunked"",""max_wobble"":1,""target_length"":32}]","0.1411565811779893","1","0.000011208964946739009","0","224","0.23189950825600947","11","200","1","0.01","0.1411565811779893","supervised","31","2","0.0001658468494542291","0.0056860849058390246","0.000009249317542811575","0.000031478563549671656","0.000011208964946739009","20","0","20","2","CosineAnnealingWarmRestarts","1","0.22875364861629396","0","0.22875364861629396","loss","0.01","min","20","val","early_stopper","20","32","2","8","8","200","1","1","0","97.78085991678223","98.75","69.5266272189349","42","0.12191113404898636","0.11314010648056864","1.291390278870629","20","7420"
"S3D_asl100_kt9pamig","77.2189349112426","0.8953745250702907","kt9pamig","finished","-","","","2026-08-18T10:30:49.000Z","4925","","/home/luke/Code/SLR/src/configfiles/sweeps/S3D/exp004/base.py","WLASL","kt9pamig","S3D","false","/home/luke/Code/SLR/src/runs/asl100/S3D/sweep_qsh82m4w/kt9pamig/checkpoints","42","asl100","0.0002475741055122972","0.0038545636687876616","8","0.00009389094948352812","0.000032355427080977365","224","true","32","224","[0.43216,0.394666,0.37645]","[0.22803,0.22145,0.216989]","true","[{""type"":""Centre_crop"",""frame_size"":224}]","true","32","[{""target_length"":32,""type"":""uniform"",""max_wobble"":0}]","224","[0.43216,0.394666,0.37645]","[0.22803,0.22145,0.216989]","true","[{""p"":0.1283867387127287,""type"":""HORIZONTAL_FLIP""},{""type"":""Centre_crop"",""frame_size"":224},{""interpolation"":""bilinear"",""num_magnitude_bins"":31,""type"":""RANDAUGMENT"",""num_ops"":3,""magnitude"":14}]","true","32","[{""max_wobble"":3,""target_length"":32,""type"":""chunked""}]","0.2029673771695632","1","0.000006666323820406083","0","224","0.1283867387127287","14","200","3","0.01","0.2029673771695632","supervised","31","3","0.0002475741055122972","0.0038545636687876616","0.00009389094948352812","0.000032355427080977365","0.000006666323820406083","20","0","21","2","CosineAnnealingWarmRestarts","1","0.27869951607379057","8","0.27869951607379057","loss","0.01","min","20","val","early_stopper","21","32","2","8","8","200","1","1","8","97.43411927877948","96.25","62.42603550295858","45","0.11838463229487615","0.13570771049708127","1.6761404103348516","20","8140"
"S3D_asl100_v623k4mn","52.071005917159766","1.837847197109635","v623k4mn","failed","-","","","2026-08-18T10:30:09.000Z","6719","","/home/luke/Code/SLR/src/configfiles/sweeps/S3D/exp004/base.py","WLASL","v623k4mn","S3D","false","/home/luke/Code/SLR/src/runs/asl100/S3D/sweep_qsh82m4w/v623k4mn/checkpoints","42","asl100","0.0003492728988909482","0.003929599198007598","8","0.00008490313772898399","0.00016722779918951802","224","true","32","224","[0.43216,0.394666,0.37645]","[0.22803,0.22145,0.216989]","true","[{""type"":""Centre_crop"",""frame_size"":224}]","true","32","[{""type"":""uniform"",""max_wobble"":0,""target_length"":32}]","224","[0.43216,0.394666,0.37645]","[0.22803,0.22145,0.216989]","true","[{""type"":""HORIZONTAL_FLIP"",""p"":0.2371369855584821},{""type"":""Centre_crop"",""frame_size"":224},{""type"":""RANDAUGMENT"",""num_ops"":4,""magnitude"":15,""interpolation"":""bilinear"",""num_magnitude_bins"":31}]","true","32","[{""max_wobble"":2,""target_length"":32,""type"":""chunked""}]","0.17147347754821207","1","7.104926023702805e-7","0","224","0.2371369855584821","15","200","2","0.01","0.17147347754821207","supervised","31","4","0.0003492728988909482","0.003929599198007598","0.00008490313772898399","0.00016722779918951802","7.104926023702805e-7","20","0","17","1","CosineAnnealingWarmRestarts","1","0.3608458552631651","5","0.3608458552631651","loss","0.01","min","20","val","early_stopper","17","32","1","8","8","200","1","1","5","82.94036061026353","86.25","47.33727810650888","15","0.7829697040347551","0.7474029421806335","2.0923373721837555","3","2830"
"S3D_asl100_e2951m9a","55.02958579881657","1.803255242791098","e2951m9a","failed","-","","","2026-08-18T10:02:03.000Z","1686","","/home/luke/Code/SLR/src/configfiles/sweeps/S3D/exp004/base.py","WLASL","e2951m9a","S3D","false","/home/luke/Code/SLR/src/runs/asl100/S3D/sweep_qsh82m4w/e2951m9a/checkpoints","42","asl100","0.000786537432083099","0.0060619134853725515","8","0.0003643465828138525","0.000033805371419992126","224","true","32","224","[0.43216,0.394666,0.37645]","[0.22803,0.22145,0.216989]","true","[{""frame_size"":224,""type"":""Centre_crop""}]","true","32","[{""type"":""uniform"",""max_wobble"":0,""target_length"":32}]","224","[0.43216,0.394666,0.37645]","[0.22803,0.22145,0.216989]","true","[{""p"":0.18418960096532405,""type"":""HORIZONTAL_FLIP""},{""type"":""Centre_crop"",""frame_size"":224},{""type"":""RANDAUGMENT"",""num_ops"":3,""magnitude"":7,""interpolation"":""bilinear"",""num_magnitude_bins"":31}]","true","32","[{""target_length"":32,""type"":""chunked"",""max_wobble"":1}]","0.13704155558644776","1","0.0000031695616283189196","0","224","0.18418960096532405","7","200","1","0.01","0.13704155558644776","supervised","31","3","0.000786537432083099","0.0060619134853725515","0.0003643465828138525","0.000033805371419992126","0.0000031695616283189196","20","0","21","2","CosineAnnealingWarmRestarts","1","0.018175710991070324","2","0.018175710991070324","loss","0.01","min","20","val","early_stopper","21","32","2","8","8","200","1","1","2","78.71012482662968","85","55.02958579881657","15","0.8115545727839583","0.623627120256424","1.803255242791098","0","2780"
"S3D_asl100_o38y79z0","74.55621301775147","1.093471162962966","o38y79z0","finished","-","","","2026-08-18T07:46:49.000Z","4302","","/home/luke/Code/SLR/src/configfiles/sweeps/S3D/exp004/base.py","WLASL","o38y79z0","S3D","false","/home/luke/Code/SLR/src/runs/asl100/S3D/sweep_qsh82m4w/o38y79z0/checkpoints","42","asl100","0.00017991911967433577","0.00006382695849283387","8","0.00029119609398625446","0.0002928781942838678","224","true","32","224","[0.43216,0.394666,0.37645]","[0.22803,0.22145,0.216989]","true","[{""type"":""Centre_crop"",""frame_size"":224}]","true","32","[{""type"":""uniform"",""max_wobble"":0,""target_length"":32}]","224","[0.43216,0.394666,0.37645]","[0.22803,0.22145,0.216989]","true","[{""type"":""HORIZONTAL_FLIP"",""p"":0.28325573497909107},{""type"":""Centre_crop"",""frame_size"":224},{""type"":""RANDAUGMENT"",""num_ops"":6,""magnitude"":11,""interpolation"":""bilinear"",""num_magnitude_bins"":31}]","true","32","[{""type"":""chunked"",""max_wobble"":0,""target_length"":32}]","0.13263673764350592","1","0.0000010606016993700937","0","224","0.28325573497909107","11","200","0","0.01","0.13263673764350592","supervised","31","6","0.00017991911967433577","0.00006382695849283387","0.00029119609398625446","0.0002928781942838678","0.0000010606016993700937","20","0","17","2","CosineAnnealingWarmRestarts","1","0.1039513386693556","2","0.1039513386693556","loss","0.01","min","20","val","early_stopper","17","32","2","8","8","200","1","1","2","96.6019417475728","92.5","71.89349112426035","39","0.14097263184266265","0.2417043627239764","1.1706896579770796","20","7050"
"S3D_asl100_ic4uugbc","72.7810650887574","1.0865402618048134","ic4uugbc","finished","-","","","2026-08-18T07:46:08.000Z","8114","","/home/luke/Code/SLR/src/configfiles/sweeps/S3D/exp004/base.py","WLASL","ic4uugbc","S3D","false","/home/luke/Code/SLR/src/runs/asl100/S3D/sweep_qsh82m4w/ic4uugbc/checkpoints","42","asl100","0.00037059707393934246","0.006387043313242834","8","0.0015447552530655554","0.0023701617900762136","224","true","32","224","[0.43216,0.394666,0.37645]","[0.22803,0.22145,0.216989]","true","[{""type"":""Centre_crop"",""frame_size"":224}]","true","32","[{""type"":""uniform"",""max_wobble"":0,""target_length"":32}]","224","[0.43216,0.394666,0.37645]","[0.22803,0.22145,0.216989]","true","[{""p"":0.2256735634624684,""type"":""HORIZONTAL_FLIP""},{""type"":""Centre_crop"",""frame_size"":224},{""type"":""RANDAUGMENT"",""num_ops"":4,""magnitude"":4,""interpolation"":""bilinear"",""num_magnitude_bins"":31}]","true","32","[{""target_length"":32,""type"":""chunked"",""max_wobble"":1}]","0.18535572705375217","1","0.0000011690149659519082","0","224","0.2256735634624684","4","200","1","0.01","0.18535572705375217","supervised","31","4","0.00037059707393934246","0.006387043313242834","0.0015447552530655554","0.0023701617900762136","0.0000011690149659519082","20","0","12","2","CosineAnnealingWarmRestarts","1","0.13460925392296924","2","0.13460925392296924","loss","0.01","min","20","val","early_stopper","12","32","2","8","8","200","1","1","2","99.02912621359224","98.75","72.48520710059172","34","0.04430476740589069","0.03736791096162051","1.210668838998922","20","6150"
"S3D_asl100_ee04mjxq","50.29585798816568","1.9891828825380269","ee04mjxq","failed","-","","","2026-08-18T07:17:26.000Z","1722","","/home/luke/Code/SLR/src/configfiles/sweeps/S3D/exp004/base.py","WLASL","ee04mjxq","S3D","false","/home/luke/Code/SLR/src/runs/asl100/S3D/sweep_qsh82m4w/ee04mjxq/checkpoints","42","asl100","0.00008460544397637827","0.0011875067099973422","8","0.000005448045953590342","0.0008312978537799923","224","true","32","224","[0.43216,0.394666,0.37645]","[0.22803,0.22145,0.216989]","true","[{""frame_size"":224,""type"":""Centre_crop""}]","true","32","[{""type"":""uniform"",""max_wobble"":0,""target_length"":32}]","224","[0.43216,0.394666,0.37645]","[0.22803,0.22145,0.216989]","true","[{""p"":0.007283880188646452,""type"":""HORIZONTAL_FLIP""},{""type"":""Centre_crop"",""frame_size"":224},{""num_ops"":4,""magnitude"":15,""interpolation"":""bilinear"",""num_magnitude_bins"":31,""type"":""RANDAUGMENT""}]","true","32","[{""type"":""chunked"",""max_wobble"":0,""target_length"":32}]","0.29168859120809565","1","6.760701243660186e-7","0","224","0.007283880188646452","15","200","0","0.01","0.29168859120809565","supervised","31","4","0.00008460544397637827","0.0011875067099973422","0.000005448045953590342","0.0008312978537799923","6.760701243660186e-7","20","0","14","2","CosineAnnealingWarmRestarts","1","0.07721047039212332","8","0.07721047039212332","loss","0.01","min","20","val","early_stopper","14","32","2","8","8","200","1","1","8","64.00832177531207","72.5","50.29585798816568","15","2.1825938608378546","2.0085485696792604","1.9891828825380269","0","2850"
"S3D_asl100_tkbeyp0r","72.7810650887574","1.0728547679080962","tkbeyp0r","finished","-","","","2026-08-18T06:03:38.000Z","4387","","/home/luke/Code/SLR/src/configfiles/sweeps/S3D/exp004/base.py","WLASL","tkbeyp0r","S3D","false","/home/luke/Code/SLR/src/runs/asl100/S3D/sweep_qsh82m4w/tkbeyp0r/checkpoints","42","asl100","0.00012851741996614235","0.0005816880930797987","8","0.0005274756742618221","0.005992066606183482","224","true","32","224","[0.43216,0.394666,0.37645]","[0.22803,0.22145,0.216989]","true","[{""type"":""Centre_crop"",""frame_size"":224}]","true","32","[{""max_wobble"":0,""target_length"":32,""type"":""uniform""}]","224","[0.43216,0.394666,0.37645]","[0.22803,0.22145,0.216989]","true","[{""p"":0.14654463375483262,""type"":""HORIZONTAL_FLIP""},{""type"":""Centre_crop"",""frame_size"":224},{""type"":""RANDAUGMENT"",""num_ops"":4,""magnitude"":9,""interpolation"":""bilinear"",""num_magnitude_bins"":31}]","true","32","[{""max_wobble"":1,""target_length"":32,""type"":""chunked""}]","0.2737860586695112","1","7.802311884100867e-7","0","224","0.14654463375483262","9","200","1","0.01","0.2737860586695112","supervised","31","4","0.00012851741996614235","0.0005816880930797987","0.0005274756742618221","0.005992066606183482","7.802311884100867e-7","20","0","18","2","CosineAnnealingWarmRestarts","1","0.38455330277719824","2","0.38455330277719824","loss","0.01","min","20","val","early_stopper","18","32","2","8","8","200","1","1","2","97.01803051317614","100","71.89349112426035","40","0.10026297664163884","0.06346473052493624","1.3420402026810123","20","7240"
"S3D_asl100_lzft5d5m","76.62721893491124","0.9636265560413728","lzft5d5m","finished","-","","","2026-08-18T04:42:46.000Z","4811","","/home/luke/Code/SLR/src/configfiles/sweeps/S3D/exp004/base.py","WLASL","lzft5d5m","S3D","false","/home/luke/Code/SLR/src/runs/asl100/S3D/sweep_qsh82m4w/lzft5d5m/checkpoints","42","asl100","0.0003531004330038518","0.0004278826588209695","8","0.000028560039120501524","0.00824414229293347","224","true","32","224","[0.43216,0.394666,0.37645]","[0.22803,0.22145,0.216989]","true","[{""type"":""Centre_crop"",""frame_size"":224}]","true","32","[{""max_wobble"":0,""target_length"":32,""type"":""uniform""}]","224","[0.43216,0.394666,0.37645]","[0.22803,0.22145,0.216989]","true","[{""p"":0.1562003247499288,""type"":""HORIZONTAL_FLIP""},{""type"":""Centre_crop"",""frame_size"":224},{""type"":""RANDAUGMENT"",""num_ops"":2,""magnitude"":11,""interpolation"":""bilinear"",""num_magnitude_bins"":31}]","true","32","[{""type"":""chunked"",""max_wobble"":1,""target_length"":32}]","0.11296145421176358","1","0.0000017301504851837685","0","224","0.1562003247499288","11","200","1","0.01","0.11296145421176358","supervised","31","2","0.0003531004330038518","0.0004278826588209695","0.000028560039120501524","0.00824414229293347","0.0000017301504851837685","20","0","11","1","CosineAnnealingWarmRestarts","1","0.14949771276404936","2","0.14949771276404936","loss","0.01","min","20","val","early_stopper","11","32","1","8","8","200","1","1","2","98.82108183079058","100","76.62721893491124","44","0.07205170526036195","0.045187672274187206","1.0214203792115122","20","7960"
"S3D_asl100_nzs2mjpw","56.80473372781065","1.79270108442405","nzs2mjpw","failed","-","","","2026-08-18T04:13:45.000Z","1701","","/home/luke/Code/SLR/src/configfiles/sweeps/S3D/exp004/base.py","WLASL","nzs2mjpw","S3D","false","/home/luke/Code/SLR/src/runs/asl100/S3D/sweep_qsh82m4w/nzs2mjpw/checkpoints","42","asl100","0.0005672786614275659","0.018788603602642413","8","0.00007859199784287786","0.040776211402827986","224","true","32","224","[0.43216,0.394666,0.37645]","[0.22803,0.22145,0.216989]","true","[{""frame_size"":224,""type"":""Centre_crop""}]","true","32","[{""type"":""uniform"",""max_wobble"":0,""target_length"":32}]","224","[0.43216,0.394666,0.37645]","[0.22803,0.22145,0.216989]","true","[{""p"":0.3907585445454422,""type"":""HORIZONTAL_FLIP""},{""type"":""Centre_crop"",""frame_size"":224},{""magnitude"":7,""interpolation"":""bilinear"",""num_magnitude_bins"":31,""type"":""RANDAUGMENT"",""num_ops"":2}]","true","32","[{""type"":""chunked"",""max_wobble"":3,""target_length"":32}]","0.275854004684703","1","7.052503964419586e-7","0","224","0.3907585445454422","7","200","3","0.01","0.275854004684703","supervised","31","2","0.0005672786614275659","0.018788603602642413","0.00007859199784287786","0.040776211402827986","7.052503964419586e-7","20","0","20","2","CosineAnnealingWarmRestarts","1","0.16825817653067274","5","0.16825817653067274","loss","0.01","min","20","val","early_stopper","20","32","2","8","8","200","1","1","5","86.47711511789181","93.75","56.80473372781065","15","0.5923962473207969","0.3489943459630013","1.79270108442405","0","2820"
"S3D_asl100_dln7scim","73.96449704142012","1.034684776625814","dln7scim","finished","-","","sweep","2026-08-16T22:45:18.000Z","106060","","/home/luke/Code/SLR/src/configfiles/sweeps/S3D/exp004/base.py","WLASL","dln7scim","S3D","true","/home/luke/Code/SLR/src/runs/asl100/S3D/sweep_qsh82m4w/dln7scim/checkpoints","42","asl100","0.000481216454441998","0.0004357910176149537","8","0.004150368685374353","0.004077948398399008","224","true","32","224","[0.43216,0.394666,0.37645]","[0.22803,0.22145,0.216989]","true","[{""type"":""Centre_crop"",""frame_size"":224}]","true","32","[{""type"":""uniform"",""max_wobble"":0,""target_length"":32}]","224","[0.43216,0.394666,0.37645]","[0.22803,0.22145,0.216989]","true","[{""p"":0.3266100186478443,""type"":""HORIZONTAL_FLIP""},{""type"":""Centre_crop"",""frame_size"":224},{""type"":""RANDAUGMENT"",""num_ops"":3,""magnitude"":8,""interpolation"":""bilinear"",""num_magnitude_bins"":31}]","true","32","[{""type"":""chunked"",""max_wobble"":2,""target_length"":32}]","0.21791194699547117","1","0.0000029607298966522356","0","224","0.3266100186478443","8","200","2","0.01","0.21791194699547117","supervised","31","3","0.000481216454441998","0.0004357910176149537","0.004150368685374353","0.004077948398399008","0.0000029607298966522356","20","0","10","2","CosineAnnealingWarmRestarts","1","0.008831106380205074","2","0.008831106380205074","loss","0.01","min","20","val","early_stopper","10","32","2","8","8","200","1","1","2","94.86823855755894","92.5","57.98816568047337","53","0.16224578883396862","0.25789914689958093","2.404460163456082","20","9410"
"S3D_asl100_jkwt9qo3","71.59763313609467","1.0363506254395292","jkwt9qo3","finished","-","","","2026-08-16T19:47:56.000Z","4418","","/home/luke/Code/SLR/src/configfiles/sweeps/S3D/exp004/base.py","WLASL","jkwt9qo3","S3D","false","/home/luke/Code/SLR/src/runs/asl100/S3D/sweep_qsh82m4w/jkwt9qo3/checkpoints","42","asl100","0.0003098019431588132","0.00035980626707752346","8","0.0001780667946100845","0.0007221621109618015","224","true","32","224","[0.43216,0.394666,0.37645]","[0.22803,0.22145,0.216989]","true","[{""type"":""Centre_crop"",""frame_size"":224}]","true","32","[{""type"":""uniform"",""max_wobble"":0,""target_length"":32}]","224","[0.43216,0.394666,0.37645]","[0.22803,0.22145,0.216989]","true","[{""type"":""HORIZONTAL_FLIP"",""p"":0.35084182893977667},{""type"":""Centre_crop"",""frame_size"":224},{""type"":""RANDAUGMENT"",""num_ops"":6,""magnitude"":9,""interpolation"":""bilinear"",""num_magnitude_bins"":31}]","true","32","[{""target_length"":32,""type"":""chunked"",""max_wobble"":0}]","0.17370447935911598","1","0.0000014809646713471335","0","224","0.35084182893977667","9","200","0","0.01","0.17370447935911598","supervised","31","6","0.0003098019431588132","0.00035980626707752346","0.0001780667946100845","0.0007221621109618015","0.0000014809646713471335","20","0","15","2","CosineAnnealingWarmRestarts","1","0.005330514364866569","5","0.005330514364866569","loss","0.01","min","20","val","early_stopper","15","32","2","8","8","200","1","1","5","98.19694868238558","93.24324324324324","71.00591715976331","40","0.07477180907779196","0.187637441162322","1.172169822279184","20","7240"
"S3D_asl100_13idpda6","76.33136094674556","0.9360200593236342","13idpda6","finished","-","","","2026-08-16T17:57:47.000Z","4820","","/home/luke/Code/SLR/src/configfiles/sweeps/S3D/exp004/base.py","WLASL","13idpda6","S3D","false","/home/luke/Code/SLR/src/runs/asl100/S3D/sweep_qsh82m4w/13idpda6/checkpoints","42","asl100","0.0005159395420782625","0.005031443262153033","8","0.00006031915228458252","0.00012660220694027114","224","true","32","224","[0.43216,0.394666,0.37645]","[0.22803,0.22145,0.216989]","true","[{""type"":""Centre_crop"",""frame_size"":224}]","true","32","[{""type"":""uniform"",""max_wobble"":0,""target_length"":32}]","224","[0.43216,0.394666,0.37645]","[0.22803,0.22145,0.216989]","true","[{""p"":0.22009433852679688,""type"":""HORIZONTAL_FLIP""},{""type"":""Centre_crop"",""frame_size"":224},{""interpolation"":""bilinear"",""num_magnitude_bins"":31,""type"":""RANDAUGMENT"",""num_ops"":3,""magnitude"":7}]","true","32","[{""target_length"":32,""type"":""chunked"",""max_wobble"":2}]","0.17208729098357062","1","0.000006033353570111244","0","224","0.22009433852679688","7","200","2","0.01","0.17208729098357062","supervised","31","3","0.0005159395420782625","0.005031443262153033","0.00006031915228458252","0.00012660220694027114","0.000006033353570111244","20","0","20","2","CosineAnnealingWarmRestarts","1","0.007788291595455784","5","0.007788291595455784","loss","0.01","min","20","val","early_stopper","20","32","2","8","8","200","1","1","5","97.36477115117891","97.5","65.97633136094674","44","0.1228197100759586","0.08230543807148934","1.4317665854046242","20","7960"
"S3D_asl100_kqh5b07z","78.10650887573965","0.863636990753156","kqh5b07z","finished","-","","","2026-08-16T17:57:07.000Z","17249","","/home/luke/Code/SLR/src/configfiles/sweeps/S3D/exp004/base.py","WLASL","kqh5b07z","S3D","false","/home/luke/Code/SLR/src/runs/asl100/S3D/sweep_qsh82m4w/kqh5b07z/checkpoints","42","asl100","0.00023892087613400597","0.0030219349321925523","8","0.00020935702742087427","0.001118587563619886","224","true","32","224","[0.43216,0.394666,0.37645]","[0.22803,0.22145,0.216989]","true","[{""type"":""Centre_crop"",""frame_size"":224}]","true","32","[{""type"":""uniform"",""max_wobble"":0,""target_length"":32}]","224","[0.43216,0.394666,0.37645]","[0.22803,0.22145,0.216989]","true","[{""type"":""HORIZONTAL_FLIP"",""p"":0.18348415964300785},{""type"":""Centre_crop"",""frame_size"":224},{""magnitude"":12,""interpolation"":""bilinear"",""num_magnitude_bins"":31,""type"":""RANDAUGMENT"",""num_ops"":3}]","true","32","[{""target_length"":32,""type"":""chunked"",""max_wobble"":3}]","0.2713650358232299","1","0.000003982365085636036","0","224","0.18348415964300785","12","200","3","0.01","0.2713650358232299","supervised","31","3","0.00023892087613400597","0.0030219349321925523","0.00020935702742087427","0.001118587563619886","0.000003982365085636036","20","0","10","2","CosineAnnealingWarmRestarts","1","0.49215495542719706","8","0.49215495542719706","loss","0.01","min","20","val","early_stopper","10","32","2","8","8","200","1","1","8","97.01803051317614","96.25","67.75147928994083","56","0.11112650079154068","0.15310668596066537","1.5093110415826283","20","10130"
"S3D_asl100_53z3yv60","77.51479289940828","0.8588747174590496","53z3yv60","finished","-","","","2026-08-16T15:23:56.000Z","5693","","/home/luke/Code/SLR/src/configfiles/sweeps/S3D/exp004/base.py","WLASL","53z3yv60","S3D","false","/home/luke/Code/SLR/src/runs/asl100/S3D/sweep_qsh82m4w/53z3yv60/checkpoints","42","asl100","0.000362525415794275","0.0014877991019446974","8","0.00023531517520593173","0.000036003425356201874","224","true","32","224","[0.43216,0.394666,0.37645]","[0.22803,0.22145,0.216989]","true","[{""type"":""Centre_crop"",""frame_size"":224}]","true","32","[{""max_wobble"":0,""target_length"":32,""type"":""uniform""}]","224","[0.43216,0.394666,0.37645]","[0.22803,0.22145,0.216989]","true","[{""p"":0.25226765491346415,""type"":""HORIZONTAL_FLIP""},{""type"":""Centre_crop"",""frame_size"":224},{""type"":""RANDAUGMENT"",""num_ops"":3,""magnitude"":13,""interpolation"":""bilinear"",""num_magnitude_bins"":31}]","true","32","[{""type"":""chunked"",""max_wobble"":3,""target_length"":32}]","0.22258569123964825","1","0.000006842048589566707","0","224","0.25226765491346415","13","200","3","0.01","0.22258569123964825","supervised","31","3","0.000362525415794275","0.0014877991019446974","0.00023531517520593173","0.000036003425356201874","0.000006842048589566707","20","0","10","2","CosineAnnealingWarmRestarts","1","0.1356840408044871","5","0.1356840408044871","loss","0.01","min","20","val","early_stopper","10","32","2","8","8","200","1","1","5","96.3245492371706","92.5","64.79289940828403","52","0.12777121791851173","0.2110997716896236","1.6189274180419964","20","9410"
"S3D_asl100_mvj8nty0","51.18343195266272","4.1385409504439705","mvj8nty0","failed","-","","","2026-08-16T14:54:46.000Z","1704","","/home/luke/Code/SLR/src/configfiles/sweeps/S3D/exp004/base.py","WLASL","mvj8nty0","S3D","false","/home/luke/Code/SLR/src/runs/asl100/S3D/sweep_qsh82m4w/mvj8nty0/checkpoints","42","asl100","0.0000308308597429586","0.000428697789257707","8","0.005541774784531847","0.01461757883655661","224","true","32","224","[0.43216,0.394666,0.37645]","[0.22803,0.22145,0.216989]","true","[{""type"":""Centre_crop"",""frame_size"":224}]","true","32","[{""type"":""uniform"",""max_wobble"":0,""target_length"":32}]","224","[0.43216,0.394666,0.37645]","[0.22803,0.22145,0.216989]","true","[{""type"":""HORIZONTAL_FLIP"",""p"":0.19589893838674},{""type"":""Centre_crop"",""frame_size"":224},{""type"":""RANDAUGMENT"",""num_ops"":1,""magnitude"":11,""interpolation"":""bilinear"",""num_magnitude_bins"":31}]","true","32","[{""type"":""chunked"",""max_wobble"":6,""target_length"":32}]","0.293373244359676","1","9.150861740691544e-7","0","224","0.19589893838674","11","200","6","0.01","0.293373244359676","supervised","31","1","0.0000308308597429586","0.000428697789257707","0.005541774784531847","0.01461757883655661","9.150861740691544e-7","20","0","35","2","CosineAnnealingWarmRestarts","1","0.02981303250676525","8","0.02981303250676525","loss","0.01","min","20","val","early_stopper","35","32","2","8","8","200","1","1","8","77.04576976421636","85","47.633136094674555","15","0.9839963832516198","0.6390575467841699","6.50616413569558","12","2810"
"S3D_asl100_pogr46pm","47.928994082840234","3.284685912072232","pogr46pm","failed","-","","","2026-08-16T14:54:06.000Z","10982","","/home/luke/Code/SLR/src/configfiles/sweeps/S3D/exp004/base.py","WLASL","pogr46pm","S3D","false","/home/luke/Code/SLR/src/runs/asl100/S3D/sweep_qsh82m4w/pogr46pm/checkpoints","42","asl100","0.0005619971976571619","0.00806226460348076","8","0.005379696776396118","0.000011274307395841745","224","true","32","224","[0.43216,0.394666,0.37645]","[0.22803,0.22145,0.216989]","true","[{""type"":""Centre_crop"",""frame_size"":224}]","true","32","[{""max_wobble"":0,""target_length"":32,""type"":""uniform""}]","224","[0.43216,0.394666,0.37645]","[0.22803,0.22145,0.216989]","true","[{""p"":0.017259255454717237,""type"":""HORIZONTAL_FLIP""},{""frame_size"":224,""type"":""Centre_crop""},{""num_magnitude_bins"":31,""type"":""RANDAUGMENT"",""num_ops"":3,""magnitude"":8,""interpolation"":""bilinear""}]","true","32","[{""type"":""chunked"",""max_wobble"":0,""target_length"":32}]","0.36121967711361536","1","0.00009993033016569722","0","224","0.017259255454717237","8","200","0","0.01","0.36121967711361536","supervised","31","3","0.0005619971976571619","0.00806226460348076","0.005379696776396118","0.000011274307395841745","0.00009993033016569722","20","0","38","1","CosineAnnealingWarmRestarts","1","0.4143386230074411","0","0.4143386230074411","loss","0.01","min","20","val","early_stopper","38","32","1","8","8","200","1","1","0","74.20249653259361","80","47.928994082840234","15","0.8595422405475717","0.7569872297346592","3.845133311499916","2","2800"
"S3D_asl100_drdgg571","33.72781065088758","3.0834547567722206","drdgg571","failed","-","","","2026-08-16T14:25:53.000Z","1693","","/home/luke/Code/SLR/src/configfiles/sweeps/S3D/exp004/base.py","WLASL","drdgg571","S3D","false","/home/luke/Code/SLR/src/runs/asl100/S3D/sweep_qsh82m4w/drdgg571/checkpoints","42","asl100","0.0007357921914153822","0.0004820276778385094","8","0.000008777351708908756","0.009410132917931106","224","true","32","224","[0.43216,0.394666,0.37645]","[0.22803,0.22145,0.216989]","true","[{""type"":""Centre_crop"",""frame_size"":224}]","true","32","[{""type"":""uniform"",""max_wobble"":0,""target_length"":32}]","224","[0.43216,0.394666,0.37645]","[0.22803,0.22145,0.216989]","true","[{""p"":0.23811347820578763,""type"":""HORIZONTAL_FLIP""},{""frame_size"":224,""type"":""Centre_crop""},{""num_ops"":6,""magnitude"":6,""interpolation"":""bilinear"",""num_magnitude_bins"":31,""type"":""RANDAUGMENT""}]","true","32","[{""type"":""chunked"",""max_wobble"":6,""target_length"":32}]","0.6389200296861018","1","0.0007070307151105864","0","224","0.23811347820578763","6","200","6","0.01","0.6389200296861018","supervised","31","6","0.0007357921914153822","0.0004820276778385094","0.000008777351708908756","0.009410132917931106","0.0007070307151105864","20","0","35","1","CosineAnnealingWarmRestarts","1","0.013270363892562278","8","0.013270363892562278","loss","0.01","min","20","val","early_stopper","35","32","1","8","8","200","1","1","8","59.01525658807212","62.5","33.72781065088758","15","1.7189547311251108","1.5793617486953735","3.0834547567722206","0","2750"
"S3D_asl100_ce76gjrk","41.71597633136095","2.3463775006017147","ce76gjrk","failed","-","","","2026-08-16T14:25:07.000Z","19324","","/home/luke/Code/SLR/src/configfiles/sweeps/S3D/exp004/base.py","WLASL","ce76gjrk","S3D","false","/home/luke/Code/SLR/src/runs/asl100/S3D/sweep_qsh82m4w/ce76gjrk/checkpoints","42","asl100","0.000032402405086346403","0.08391962222475244","8","0.00003193698884377306","0.00006551354089447185","224","true","32","224","[0.43216,0.394666,0.37645]","[0.22803,0.22145,0.216989]","true","[{""type"":""Centre_crop"",""frame_size"":224}]","true","32","[{""type"":""uniform"",""max_wobble"":0,""target_length"":32}]","224","[0.43216,0.394666,0.37645]","[0.22803,0.22145,0.216989]","true","[{""type"":""HORIZONTAL_FLIP"",""p"":0.3988684410866952},{""type"":""Centre_crop"",""frame_size"":224},{""type"":""RANDAUGMENT"",""num_ops"":1,""magnitude"":8,""interpolation"":""bilinear"",""num_magnitude_bins"":31}]","true","32","[{""type"":""chunked"",""max_wobble"":6,""target_length"":32}]","0.3435801638609727","1","0.00008693821629475344","0","224","0.3988684410866952","8","200","6","0.01","0.3435801638609727","supervised","31","1","0.000032402405086346403","0.08391962222475244","0.00003193698884377306","0.00006551354089447185","0.00008693821629475344","20","0","18","1","CosineAnnealingWarmRestarts","1","0.00416898122513268","5","0.00416898122513268","loss","0.01","min","20","val","early_stopper","18","32","1","8","8","200","1","1","5","55.89459084604716","57.5","41.71597633136095","15","2.6400110308241085","2.6088530302047728","2.3463775006017147","0","2810"
"S3D_asl100_kwrxio8n","46.44970414201183","2.1155159003322956","kwrxio8n","failed","-","","","2026-08-16T13:56:52.000Z","1695","","/home/luke/Code/SLR/src/configfiles/sweeps/S3D/exp004/base.py","WLASL","kwrxio8n","S3D","false","/home/luke/Code/SLR/src/runs/asl100/S3D/sweep_qsh82m4w/kwrxio8n/checkpoints","42","asl100","0.0004521245385157485","0.03344909397775624","8","0.000006840856050975392","0.08155573961703146","224","true","32","224","[0.43216,0.394666,0.37645]","[0.22803,0.22145,0.216989]","true","[{""type"":""Centre_crop"",""frame_size"":224}]","true","32","[{""max_wobble"":0,""target_length"":32,""type"":""uniform""}]","224","[0.43216,0.394666,0.37645]","[0.22803,0.22145,0.216989]","true","[{""p"":0.31209957457849,""type"":""HORIZONTAL_FLIP""},{""type"":""Centre_crop"",""frame_size"":224},{""type"":""RANDAUGMENT"",""num_ops"":3,""magnitude"":14,""interpolation"":""bilinear"",""num_magnitude_bins"":31}]","true","32","[{""type"":""chunked"",""max_wobble"":0,""target_length"":32}]","0.3783621587766599","1","0.00032091300494948275","0","224","0.31209957457849","14","200","0","0.01","0.3783621587766599","supervised","31","3","0.0004521245385157485","0.03344909397775624","0.000006840856050975392","0.08155573961703146","0.00032091300494948275","20","0","40","1","CosineAnnealingWarmRestarts","1","0.03748535981707852","5","0.03748535981707852","loss","0.01","min","20","val","early_stopper","40","32","1","8","8","200","1","1","5","73.50901525658807","77.5","46.44970414201183","15","1.2443955495188868","1.0791767597198487","2.1155159003322956","0","2790"
"S3D_asl100_y3l8bep4","60.650887573964496","1.9269772480758645","y3l8bep4","failed","-","","","2026-08-16T10:47:55.000Z","1690","","/home/luke/Code/SLR/src/configfiles/sweeps/S3D/exp004/base.py","WLASL","y3l8bep4","S3D","false","/home/luke/Code/SLR/src/runs/asl100/S3D/sweep_qsh82m4w/y3l8bep4/checkpoints","42","asl100","0.00004847312204340602","0.00041714345946007266","8","0.0017494518471328191","0.000011313868378498186","224","true","32","224","[0.43216,0.394666,0.37645]","[0.22803,0.22145,0.216989]","true","[{""type"":""Centre_crop"",""frame_size"":224}]","true","32","[{""type"":""uniform"",""max_wobble"":0,""target_length"":32}]","224","[0.43216,0.394666,0.37645]","[0.22803,0.22145,0.216989]","true","[{""p"":0.12881103239231567,""type"":""HORIZONTAL_FLIP""},{""frame_size"":224,""type"":""Centre_crop""},{""type"":""RANDAUGMENT"",""num_ops"":6,""magnitude"":3,""interpolation"":""bilinear"",""num_magnitude_bins"":31}]","true","32","[{""type"":""chunked"",""max_wobble"":1,""target_length"":32}]","0.39124473038166296","1","0.0000903500204872584","0","224","0.12881103239231567","3","200","1","0.01","0.39124473038166296","supervised","31","6","0.00004847312204340602","0.00041714345946007266","0.0017494518471328191","0.000011313868378498186","0.0000903500204872584","20","0","31","1","CosineAnnealingWarmRestarts","1","0.00550151619646365","0","0.00550151619646365","loss","0.01","min","20","val","early_stopper","31","32","1","8","8","200","1","1","0","89.94452149791955","93.75","60.650887573964496","15","0.3646936761047407","0.31504694297909736","1.929024360382344","1","2760"
"S3D_asl100_vq1639h0","54.4378698224852","4.296885149966727","vq1639h0","failed","-","","","2026-08-16T10:47:07.000Z","24064","","/home/luke/Code/SLR/src/configfiles/sweeps/S3D/exp004/base.py","WLASL","vq1639h0","S3D","false","/home/luke/Code/SLR/src/runs/asl100/S3D/sweep_qsh82m4w/vq1639h0/checkpoints","42","asl100","0.000036875740949321","0.0005303463484398432","8","0.008199502720470217","0.00005506449102043085","224","true","32","224","[0.43216,0.394666,0.37645]","[0.22803,0.22145,0.216989]","true","[{""type"":""Centre_crop"",""frame_size"":224}]","true","32","[{""type"":""uniform"",""max_wobble"":0,""target_length"":32}]","224","[0.43216,0.394666,0.37645]","[0.22803,0.22145,0.216989]","true","[{""p"":0.4736537065194194,""type"":""HORIZONTAL_FLIP""},{""type"":""Centre_crop"",""frame_size"":224},{""type"":""RANDAUGMENT"",""num_ops"":4,""magnitude"":4,""interpolation"":""bilinear"",""num_magnitude_bins"":31}]","true","32","[{""max_wobble"":7,""target_length"":32,""type"":""chunked""}]","0.13493348656419724","1","0.000001243960249173512","0","224","0.4736537065194194","4","200","7","0.01","0.13493348656419724","supervised","31","4","0.000036875740949321","0.0005303463484398432","0.008199502720470217","0.00005506449102043085","0.000001243960249173512","20","0","17","1","CosineAnnealingWarmRestarts","1","0.0013069145851218457","8","0.0013069145851218457","loss","0.01","min","20","val","early_stopper","17","32","1","8","8","200","1","1","8","71.98335644937586","77.5","54.4378698224852","15","1.3748036257873564","1.0052056342363358","5.832263473463306","12","2840"
"S3D_asl100_rz5q8ww2","55.02958579881657","2.066965998444962","rz5q8ww2","failed","-","","","2026-08-16T10:18:47.000Z","1700","","/home/luke/Code/SLR/src/configfiles/sweeps/S3D/exp004/base.py","WLASL","rz5q8ww2","S3D","false","/home/luke/Code/SLR/src/runs/asl100/S3D/sweep_qsh82m4w/rz5q8ww2/checkpoints","42","asl100","0.000018084001092047055","0.000014300629974943233","8","0.0013268281732022212","0.000014948435809496192","224","true","32","224","[0.43216,0.394666,0.37645]","[0.22803,0.22145,0.216989]","true","[{""type"":""Centre_crop"",""frame_size"":224}]","true","32","[{""type"":""uniform"",""max_wobble"":0,""target_length"":32}]","224","[0.43216,0.394666,0.37645]","[0.22803,0.22145,0.216989]","true","[{""p"":0.25447761151582277,""type"":""HORIZONTAL_FLIP""},{""frame_size"":224,""type"":""Centre_crop""},{""type"":""RANDAUGMENT"",""num_ops"":6,""magnitude"":9,""interpolation"":""bilinear"",""num_magnitude_bins"":31}]","true","32","[{""type"":""chunked"",""max_wobble"":5,""target_length"":32}]","0.42702028853048535","1","0.00013972933606179867","0","224","0.25447761151582277","9","200","5","0.01","0.42702028853048535","supervised","31","6","0.000018084001092047055","0.000014300629974943233","0.0013268281732022212","0.000014948435809496192","0.00013972933606179867","20","0","23","2","CosineAnnealingWarmRestarts","1","0.27531157228416286","5","0.27531157228416286","loss","0.01","min","20","val","early_stopper","23","32","2","8","8","200","1","1","5","63.38418862690707","71.25","55.02958579881657","15","1.2797522199302704","1.0599027127027512","2.066965998444962","0","2770"
"S3D_asl100_ecqod8ut","73.37278106508876","1.0019522203013382","ecqod8ut","failed","-","","","2026-08-16T10:18:07.000Z","13082","","/home/luke/Code/SLR/src/configfiles/sweeps/S3D/exp004/base.py","WLASL","ecqod8ut","S3D","false","/home/luke/Code/SLR/src/runs/asl100/S3D/sweep_qsh82m4w/ecqod8ut/checkpoints","42","asl100","0.00007794458762568327","0.03920836932917048","8","0.00006176613121824028","0.0016893923184403863","224","true","32","224","[0.43216,0.394666,0.37645]","[0.22803,0.22145,0.216989]","true","[{""type"":""Centre_crop"",""frame_size"":224}]","true","32","[{""max_wobble"":0,""target_length"":32,""type"":""uniform""}]","224","[0.43216,0.394666,0.37645]","[0.22803,0.22145,0.216989]","true","[{""type"":""HORIZONTAL_FLIP"",""p"":0.3303349811112934},{""type"":""Centre_crop"",""frame_size"":224},{""magnitude"":9,""interpolation"":""bilinear"",""num_magnitude_bins"":31,""type"":""RANDAUGMENT"",""num_ops"":6}]","true","32","[{""type"":""chunked"",""max_wobble"":1,""target_length"":32}]","0.4555947742448033","1","0.00010375841290627202","0","224","0.3303349811112934","9","200","1","0.01","0.4555947742448033","supervised","31","6","0.00007794458762568327","0.03920836932917048","0.00006176613121824028","0.0016893923184403863","0.00010375841290627202","20","0","12","1","CosineAnnealingWarmRestarts","1","0.34471763576048386","8","0.34471763576048386","loss","0.01","min","20","val","early_stopper","12","32","1","8","8","200","1","1","8","94.86823855755894","97.5","63.31360946745562","45","0.31556770875119966","0.3351007290184498","1.3916874241618944","1","8230"
"S3D_asl100_as75jyow","48.5207100591716","1.9119697554347947","as75jyow","failed","-","","","2026-08-16T09:49:46.000Z","1701","","/home/luke/Code/SLR/src/configfiles/sweeps/S3D/exp004/base.py","WLASL","as75jyow","S3D","false","/home/luke/Code/SLR/src/runs/asl100/S3D/sweep_qsh82m4w/as75jyow/checkpoints","42","asl100","0.00004717363058395211","0.000056995479329313795","8","0.00004759695121921284","0.00002311798110268339","224","true","32","224","[0.43216,0.394666,0.37645]","[0.22803,0.22145,0.216989]","true","[{""type"":""Centre_crop"",""frame_size"":224}]","true","32","[{""type"":""uniform"",""max_wobble"":0,""target_length"":32}]","224","[0.43216,0.394666,0.37645]","[0.22803,0.22145,0.216989]","true","[{""p"":0.4852433398695874,""type"":""HORIZONTAL_FLIP""},{""type"":""Centre_crop"",""frame_size"":224},{""type"":""RANDAUGMENT"",""num_ops"":4,""magnitude"":11,""interpolation"":""bilinear"",""num_magnitude_bins"":31}]","true","32","[{""type"":""chunked"",""max_wobble"":2,""target_length"":32}]","0.3001159898824423","1","0.0000014446575505518749","0","224","0.4852433398695874","11","200","2","0.01","0.3001159898824423","supervised","31","4","0.00004717363058395211","0.000056995479329313795","0.00004759695121921284","0.00002311798110268339","0.0000014446575505518749","20","0","28","2","CosineAnnealingWarmRestarts","1","0.042000536176265826","2","0.042000536176265826","loss","0.01","min","20","val","early_stopper","28","32","2","8","8","200","1","1","2","59.778085991678225","67.5","48.5207100591716","15","2.050888189165007","1.9271236181259157","1.9119697554347947","0","2800"
"S3D_asl100_o4iqkid7","67.15976331360947","1.3006634289859589","o4iqkid7","failed","-","","","2026-08-16T05:48:48.000Z","4999","","/home/luke/Code/SLR/src/configfiles/sweeps/S3D/exp004/base.py","WLASL","o4iqkid7","S3D","false","/home/luke/Code/SLR/src/runs/asl100/S3D/sweep_qsh82m4w/o4iqkid7/checkpoints","42","asl100","0.00002967916728684088","0.01088817618001607","8","0.00020916070087310053","0.00002866325988566222","224","true","32","224","[0.43216,0.394666,0.37645]","[0.22803,0.22145,0.216989]","true","[{""type"":""Centre_crop"",""frame_size"":224}]","true","32","[{""type"":""uniform"",""max_wobble"":0,""target_length"":32}]","224","[0.43216,0.394666,0.37645]","[0.22803,0.22145,0.216989]","true","[{""p"":0.16307382153969469,""type"":""HORIZONTAL_FLIP""},{""type"":""Centre_crop"",""frame_size"":224},{""num_magnitude_bins"":31,""type"":""RANDAUGMENT"",""num_ops"":6,""magnitude"":15,""interpolation"":""bilinear""}]","true","32","[{""type"":""chunked"",""max_wobble"":4,""target_length"":32}]","0.44331430620372625","1","0.0000022050762361402065","0","224","0.16307382153969469","15","200","4","0.01","0.44331430620372625","supervised","31","6","0.00002967916728684088","0.01088817618001607","0.00020916070087310053","0.00002866325988566222","0.0000022050762361402065","20","0","26","2","CosineAnnealingWarmRestarts","1","0.45243385057914465","2","0.45243385057914465","loss","0.01","min","20","val","early_stopper","26","32","2","8","8","200","1","1","2","83.14840499306518","85","65.68047337278107","45","0.691872791385849","0.6756487429141999","1.3006634289859589","0","8190"
"S3D_asl100_d9pu2mro","76.33136094674556","1.1043773162917727","d9pu2mro","finished","-","","","2026-08-16T05:48:08.000Z","24205","","/home/luke/Code/SLR/src/configfiles/sweeps/S3D/exp004/base.py","WLASL","d9pu2mro","S3D","false","/home/luke/Code/SLR/src/runs/asl100/S3D/sweep_qsh82m4w/d9pu2mro/checkpoints","42","asl100","0.0002806388780069738","0.00003332856825976585","8","0.004382355083658065","0.00003820160317632147","224","true","32","224","[0.43216,0.394666,0.37645]","[0.22803,0.22145,0.216989]","true","[{""frame_size"":224,""type"":""Centre_crop""}]","true","32","[{""target_length"":32,""type"":""uniform"",""max_wobble"":0}]","224","[0.43216,0.394666,0.37645]","[0.22803,0.22145,0.216989]","true","[{""p"":0.489227220462647,""type"":""HORIZONTAL_FLIP""},{""type"":""Centre_crop"",""frame_size"":224},{""num_magnitude_bins"":31,""type"":""RANDAUGMENT"",""num_ops"":3,""magnitude"":8,""interpolation"":""bilinear""}]","true","32","[{""max_wobble"":2,""target_length"":32,""type"":""chunked""}]","0.10448075280442436","1","0.00002216658315156462","0","224","0.489227220462647","8","200","2","0.01","0.10448075280442436","supervised","31","3","0.0002806388780069738","0.00003332856825976585","0.004382355083658065","0.00003820160317632147","0.00002216658315156462","20","0","23","2","CosineAnnealingWarmRestarts","1","0.002553228746988299","2","0.002553228746988299","loss","0.01","min","20","val","early_stopper","23","32","2","8","8","200","1","1","2","93.13453536754508","93.75","51.4792899408284","41","0.20231300921808415","0.1844487553462386","3.3448623838630067","20","7420"
"S3D_asl100_3gdoxnvi","39.94082840236686","2.2301798202697576","3gdoxnvi","failed","-","","","2026-08-16T05:19:51.000Z","1698","","/home/luke/Code/SLR/src/configfiles/sweeps/S3D/exp004/base.py","WLASL","3gdoxnvi","S3D","false","/home/luke/Code/SLR/src/runs/asl100/S3D/sweep_qsh82m4w/3gdoxnvi/checkpoints","42","asl100","0.00002248405422524584","0.06288811710032939","8","0.0000709737642484985","0.032968697650402536","224","true","32","224","[0.43216,0.394666,0.37645]","[0.22803,0.22145,0.216989]","true","[{""type"":""Centre_crop"",""frame_size"":224}]","true","32","[{""type"":""uniform"",""max_wobble"":0,""target_length"":32}]","224","[0.43216,0.394666,0.37645]","[0.22803,0.22145,0.216989]","true","[{""type"":""HORIZONTAL_FLIP"",""p"":0.2738961764833451},{""type"":""Centre_crop"",""frame_size"":224},{""type"":""RANDAUGMENT"",""num_ops"":4,""magnitude"":13,""interpolation"":""bilinear"",""num_magnitude_bins"":31}]","true","32","[{""max_wobble"":4,""target_length"":32,""type"":""chunked""}]","0.4940530296287602","1","0.000002252930691180963","0","224","0.2738961764833451","13","200","4","0.01","0.4940530296287602","supervised","31","4","0.00002248405422524584","0.06288811710032939","0.0000709737642484985","0.032968697650402536","0.000002252930691180963","20","0","38","2","CosineAnnealingWarmRestarts","1","0.007255077626577931","2","0.007255077626577931","loss","0.01","min","20","val","early_stopper","38","32","2","8","8","200","1","1","2","38.141470180305134","48.75","39.94082840236686","15","2.8103998616730457","2.6711448669433593","2.2301798202697576","0","2800"
"S3D_asl100_38o3buq6","75.7396449704142","0.945852667977758","38o3buq6","finished","-","","","2026-08-16T05:19:10.000Z","11197","","/home/luke/Code/SLR/src/configfiles/sweeps/S3D/exp004/base.py","WLASL","38o3buq6","S3D","false","/home/luke/Code/SLR/src/runs/asl100/S3D/sweep_qsh82m4w/38o3buq6/checkpoints","42","asl100","0.00045744903627598424","0.0041336647219297334","8","0.00002219660017633994","0.00002802648381245628","224","true","32","224","[0.43216,0.394666,0.37645]","[0.22803,0.22145,0.216989]","true","[{""type"":""Centre_crop"",""frame_size"":224}]","true","32","[{""type"":""uniform"",""max_wobble"":0,""target_length"":32}]","224","[0.43216,0.394666,0.37645]","[0.22803,0.22145,0.216989]","true","[{""p"":0.061887033515107215,""type"":""HORIZONTAL_FLIP""},{""type"":""Centre_crop"",""frame_size"":224},{""num_magnitude_bins"":31,""type"":""RANDAUGMENT"",""num_ops"":4,""magnitude"":15,""interpolation"":""bilinear""}]","true","32","[{""type"":""chunked"",""max_wobble"":4,""target_length"":32}]","0.2138602285380769","1","0.00003577206214352067","0","224","0.061887033515107215","15","200","4","0.01","0.2138602285380769","supervised","31","4","0.00045744903627598424","0.0041336647219297334","0.00002219660017633994","0.00002802648381245628","0.00003577206214352067","20","0","15","2","CosineAnnealingWarmRestarts","1","0.46221972486922647","5","0.46221972486922647","loss","0.01","min","20","val","early_stopper","15","32","2","8","8","200","1","1","5","96.3245492371706","97.29729729729728","75.44378698224853","40","0.1745555155165235","0.20877540514275833","0.9799943580159952","20","7240"
"S3D_asl100_i2lwq4u8","30.76923076923077","2.7204132295027725","i2lwq4u8","failed","-","","","2026-08-16T04:50:48.000Z","1702","","/home/luke/Code/SLR/src/configfiles/sweeps/S3D/exp004/base.py","WLASL","i2lwq4u8","S3D","false","/home/luke/Code/SLR/src/runs/asl100/S3D/sweep_qsh82m4w/i2lwq4u8/checkpoints","42","asl100","0.00003155131882392385","0.008390350726831197","8","0.000012145386488950334","0.010749033804256214","224","true","32","224","[0.43216,0.394666,0.37645]","[0.22803,0.22145,0.216989]","true","[{""type"":""Centre_crop"",""frame_size"":224}]","true","32","[{""type"":""uniform"",""max_wobble"":0,""target_length"":32}]","224","[0.43216,0.394666,0.37645]","[0.22803,0.22145,0.216989]","true","[{""p"":0.18838553170127553,""type"":""HORIZONTAL_FLIP""},{""frame_size"":224,""type"":""Centre_crop""},{""type"":""RANDAUGMENT"",""num_ops"":6,""magnitude"":7,""interpolation"":""bilinear"",""num_magnitude_bins"":31}]","true","32","[{""target_length"":32,""type"":""chunked"",""max_wobble"":3}]","0.35045527189818604","1","0.00004888816550979346","0","224","0.18838553170127553","7","200","3","0.01","0.35045527189818604","supervised","31","6","0.00003155131882392385","0.008390350726831197","0.000012145386488950334","0.010749033804256214","0.00004888816550979346","20","0","26","1","CosineAnnealingWarmRestarts","1","0.004674026997804384","0","0.004674026997804384","loss","0.01","min","20","val","early_stopper","26","32","1","8","8","200","1","1","0","38.07212205270458","45","30.76923076923077","15","3.195786588565652","3.0594454050064086","2.7204132295027725","0","2780"
"S3D_asl100_lowd9ak3","73.37278106508876","1.0362350307027204","lowd9ak3","failed","-","","","2026-08-16T04:50:08.000Z","17938","","/home/luke/Code/SLR/src/configfiles/sweeps/S3D/exp004/base.py","WLASL","lowd9ak3","S3D","false","/home/luke/Code/SLR/src/runs/asl100/S3D/sweep_qsh82m4w/lowd9ak3/checkpoints","42","asl100","0.00008626119714939058","0.00450512991723371","8","0.00023973331054582812","0.022444838929491423","224","true","32","224","[0.43216,0.394666,0.37645]","[0.22803,0.22145,0.216989]","true","[{""type"":""Centre_crop"",""frame_size"":224}]","true","32","[{""type"":""uniform"",""max_wobble"":0,""target_length"":32}]","224","[0.43216,0.394666,0.37645]","[0.22803,0.22145,0.216989]","true","[{""p"":0.18598855000649744,""type"":""HORIZONTAL_FLIP""},{""type"":""Centre_crop"",""frame_size"":224},{""type"":""RANDAUGMENT"",""num_ops"":4,""magnitude"":4,""interpolation"":""bilinear"",""num_magnitude_bins"":31}]","true","32","[{""type"":""chunked"",""max_wobble"":6,""target_length"":32}]","0.6844599015665773","1","0.000010723046399699243","0","224","0.18598855000649744","4","200","6","0.01","0.6844599015665773","supervised","31","4","0.00008626119714939058","0.00450512991723371","0.00023973331054582812","0.022444838929491423","0.000010723046399699243","20","0","35","2","CosineAnnealingWarmRestarts","1","0.01780086707301404","0","0.01780086707301404","loss","0.01","min","20","val","early_stopper","35","32","2","8","8","200","1","1","0","95.83911234396672","96.25","60.35502958579882","45","0.18034785147110485","0.14819437656551598","1.5596701187326554","14","8190"
"S3D_asl100_2ccr4tcv","52.071005917159766","1.8828670619658996","2ccr4tcv","failed","-","","","2026-08-16T04:21:51.000Z","1698","","/home/luke/Code/SLR/src/configfiles/sweeps/S3D/exp004/base.py","WLASL","2ccr4tcv","S3D","false","/home/luke/Code/SLR/src/runs/asl100/S3D/sweep_qsh82m4w/2ccr4tcv/checkpoints","42","asl100","0.00016188666816333304","0.00034119642977512504","8","0.00001738284248538188","0.000024060710060376856","224","true","32","224","[0.43216,0.394666,0.37645]","[0.22803,0.22145,0.216989]","true","[{""type"":""Centre_crop"",""frame_size"":224}]","true","32","[{""type"":""uniform"",""max_wobble"":0,""target_length"":32}]","224","[0.43216,0.394666,0.37645]","[0.22803,0.22145,0.216989]","true","[{""p"":0.1888097452282231,""type"":""HORIZONTAL_FLIP""},{""frame_size"":224,""type"":""Centre_crop""},{""type"":""RANDAUGMENT"",""num_ops"":4,""magnitude"":14,""interpolation"":""bilinear"",""num_magnitude_bins"":31}]","true","32","[{""type"":""chunked"",""max_wobble"":8,""target_length"":32}]","0.15019434109684288","1","0.0000010628395193297757","0","224","0.1888097452282231","14","200","8","0.01","0.15019434109684288","supervised","31","4","0.00016188666816333304","0.00034119642977512504","0.00001738284248538188","0.000024060710060376856","0.0000010628395193297757","20","0","10","1","CosineAnnealingWarmRestarts","1","0.023115893834422703","0","0.023115893834422703","loss","0.01","min","20","val","early_stopper","10","32","1","8","8","200","1","1","0","69.41747572815534","76.25","48.5207100591716","15","1.6482327427513557","1.4075421333312987","2.112851423062556","4","2800"
"S3D_asl100_lmid6kkr","8.579881656804734","3.958277001029268","lmid6kkr","failed","-","","","2026-08-16T03:52:48.000Z","1701","","/home/luke/Code/SLR/src/configfiles/sweeps/S3D/exp004/base.py","WLASL","lmid6kkr","S3D","false","/home/luke/Code/SLR/src/runs/asl100/S3D/sweep_qsh82m4w/lmid6kkr/checkpoints","42","asl100","0.000022187243943647058","0.001569176649758937","8","0.000009578317689107684","0.0017212435655092656","224","true","32","224","[0.43216,0.394666,0.37645]","[0.22803,0.22145,0.216989]","true","[{""type"":""Centre_crop"",""frame_size"":224}]","true","32","[{""max_wobble"":0,""target_length"":32,""type"":""uniform""}]","224","[0.43216,0.394666,0.37645]","[0.22803,0.22145,0.216989]","true","[{""p"":0.012020688392721246,""type"":""HORIZONTAL_FLIP""},{""type"":""Centre_crop"",""frame_size"":224},{""type"":""RANDAUGMENT"",""num_ops"":3,""magnitude"":14,""interpolation"":""bilinear"",""num_magnitude_bins"":31}]","true","32","[{""type"":""chunked"",""max_wobble"":8,""target_length"":32}]","0.6900245058438267","1","0.0002113243669950553","0","224","0.012020688392721246","14","200","8","0.01","0.6900245058438267","supervised","31","3","0.000022187243943647058","0.001569176649758937","0.000009578317689107684","0.0017212435655092656","0.0002113243669950553","20","0","11","2","CosineAnnealingWarmRestarts","1","0.004048635587516977","0","0.004048635587516977","loss","0.01","min","20","val","early_stopper","11","32","2","8","8","200","1","1","0","9.57004160887656","8.75","8.579881656804734","15","4.177342969071683","4.093675661087036","3.958277001029268","0","2820"
"S3D_asl100_dkp4htel","78.10650887573965","0.9124248617664203","dkp4htel","finished","-","","","2026-08-15T23:07:49.000Z","6226","","/home/luke/Code/SLR/src/configfiles/sweeps/S3D/exp004/base.py","WLASL","dkp4htel","S3D","false","/home/luke/Code/SLR/src/runs/asl100/S3D/sweep_qsh82m4w/dkp4htel/checkpoints","42","asl100","0.0005554332413504757","0.000059958491064170024","8","0.0000070862040529200835","0.000038739776454586874","224","true","32","224","[0.43216,0.394666,0.37645]","[0.22803,0.22145,0.216989]","true","[{""type"":""Centre_crop"",""frame_size"":224}]","true","32","[{""type"":""uniform"",""max_wobble"":0,""target_length"":32}]","224","[0.43216,0.394666,0.37645]","[0.22803,0.22145,0.216989]","true","[{""p"":0.12048044003938058,""type"":""HORIZONTAL_FLIP""},{""type"":""Centre_crop"",""frame_size"":224},{""num_magnitude_bins"":31,""type"":""RANDAUGMENT"",""num_ops"":3,""magnitude"":12,""interpolation"":""bilinear""}]","true","32","[{""target_length"":32,""type"":""chunked"",""max_wobble"":1}]","0.19077432180511225","1","8.259927486525124e-7","0","224","0.12048044003938058","12","200","1","0.01","0.19077432180511225","supervised","31","3","0.0005554332413504757","0.000059958491064170024","0.0000070862040529200835","0.000038739776454586874","8.259927486525124e-7","20","0","19","1","CosineAnnealingWarmRestarts","1","0.4947596305053915","0","0.4947596305053915","loss","0.01","min","20","val","early_stopper","19","32","1","8","8","200","1","1","0","98.95977808599169","100","77.81065088757397","57","0.0565422945675258","0.030823051836341615","0.9137960056028456","20","10310"
"S3D_asl100_mdr9lyqf","45.857988165680474","1.9405869332112209","mdr9lyqf","failed","-","","","2026-08-15T22:38:48.000Z","1701","","/home/luke/Code/SLR/src/configfiles/sweeps/S3D/exp004/base.py","WLASL","mdr9lyqf","S3D","false","/home/luke/Code/SLR/src/runs/asl100/S3D/sweep_qsh82m4w/mdr9lyqf/checkpoints","42","asl100","0.00003782987087324652","0.0001382413398506084","8","0.00006545724404207413","0.003606799936165592","224","true","32","224","[0.43216,0.394666,0.37645]","[0.22803,0.22145,0.216989]","true","[{""frame_size"":224,""type"":""Centre_crop""}]","true","32","[{""type"":""uniform"",""max_wobble"":0,""target_length"":32}]","224","[0.43216,0.394666,0.37645]","[0.22803,0.22145,0.216989]","true","[{""type"":""HORIZONTAL_FLIP"",""p"":0.0181215227761522},{""type"":""Centre_crop"",""frame_size"":224},{""magnitude"":7,""interpolation"":""bilinear"",""num_magnitude_bins"":31,""type"":""RANDAUGMENT"",""num_ops"":4}]","true","32","[{""target_length"":32,""type"":""chunked"",""max_wobble"":2}]","0.20516268798778797","1","0.0005357691031163147","0","224","0.0181215227761522","7","200","2","0.01","0.20516268798778797","supervised","31","4","0.00003782987087324652","0.0001382413398506084","0.00006545724404207413","0.003606799936165592","0.0005357691031163147","20","0","28","1","CosineAnnealingWarmRestarts","1","0.018888982883162098","2","0.018888982883162098","loss","0.01","min","20","val","early_stopper","28","32","1","8","8","200","1","1","2","60.19417475728155","68.75","45.857988165680474","15","2.129505530475082","1.9518359065055848","1.9405869332112209","0","2800"
"S3D_asl100_apdhdvfg","39.349112426035504","4.354536898390076","apdhdvfg","failed","-","","","2026-08-15T22:38:08.000Z","18839","","/home/luke/Code/SLR/src/configfiles/sweeps/S3D/exp004/base.py","WLASL","apdhdvfg","S3D","false","/home/luke/Code/SLR/src/runs/asl100/S3D/sweep_qsh82m4w/apdhdvfg/checkpoints","42","asl100","0.0002882834278895807","0.00006034592198346435","8","0.0038311917086182503","0.0014068984591444676","224","true","32","224","[0.43216,0.394666,0.37645]","[0.22803,0.22145,0.216989]","true","[{""type"":""Centre_crop"",""frame_size"":224}]","true","32","[{""type"":""uniform"",""max_wobble"":0,""target_length"":32}]","224","[0.43216,0.394666,0.37645]","[0.22803,0.22145,0.216989]","true","[{""p"":0.45477839140796406,""type"":""HORIZONTAL_FLIP""},{""type"":""Centre_crop"",""frame_size"":224},{""interpolation"":""bilinear"",""num_magnitude_bins"":31,""type"":""RANDAUGMENT"",""num_ops"":6,""magnitude"":4}]","true","32","[{""type"":""chunked"",""max_wobble"":0,""target_length"":32}]","0.30586159459440043","1","0.000003972145450290992","0","224","0.45477839140796406","4","200","0","0.01","0.30586159459440043","supervised","31","6","0.0002882834278895807","0.00006034592198346435","0.0038311917086182503","0.0014068984591444676","0.000003972145450290992","20","0","35","2","CosineAnnealingWarmRestarts","1","0.012310907267298688","8","0.012310907267298688","loss","0.01","min","20","val","early_stopper","35","32","2","8","8","200","1","1","8","74.89597780859917","82.5","38.16568047337278","15","0.9377650715483044","0.46840003579854966","7.198282417225101","13","2790"
"S3D_asl100_ftmtr7r1","57.10059171597633","2.180175030409613","ftmtr7r1","failed","-","","","2026-08-15T22:09:49.000Z","1700","","/home/luke/Code/SLR/src/configfiles/sweeps/S3D/exp004/base.py","WLASL","ftmtr7r1","S3D","false","/home/luke/Code/SLR/src/runs/asl100/S3D/sweep_qsh82m4w/ftmtr7r1/checkpoints","42","asl100","0.00009653871332530548","0.014831304886311653","8","0.0021723138392788677","0.016275724659178738","224","true","32","224","[0.43216,0.394666,0.37645]","[0.22803,0.22145,0.216989]","true","[{""type"":""Centre_crop"",""frame_size"":224}]","true","32","[{""type"":""uniform"",""max_wobble"":0,""target_length"":32}]","224","[0.43216,0.394666,0.37645]","[0.22803,0.22145,0.216989]","true","[{""p"":0.3021496666512306,""type"":""HORIZONTAL_FLIP""},{""type"":""Centre_crop"",""frame_size"":224},{""type"":""RANDAUGMENT"",""num_ops"":2,""magnitude"":11,""interpolation"":""bilinear"",""num_magnitude_bins"":31}]","true","32","[{""type"":""chunked"",""max_wobble"":0,""target_length"":32}]","0.5963181516343157","1","0.000007570737584590262","0","224","0.3021496666512306","11","200","0","0.01","0.5963181516343157","supervised","31","2","0.00009653871332530548","0.014831304886311653","0.0021723138392788677","0.016275724659178738","0.000007570737584590262","20","0","16","1","CosineAnnealingWarmRestarts","1","0.029588832970910847","8","0.029588832970910847","loss","0.01","min","20","val","early_stopper","16","32","1","8","8","200","1","1","8","86.89320388349515","95","57.10059171597633","15","0.4379806325211604","0.19336541518568992","2.180175030409613","0","2810"
"S3D_asl100_cqoeslmo","44.67455621301775","2.0471301149391974","cqoeslmo","failed","-","","","2026-08-15T22:09:08.000Z","18840","","/home/luke/Code/SLR/src/configfiles/sweeps/S3D/exp004/base.py","WLASL","cqoeslmo","S3D","false","/home/luke/Code/SLR/src/runs/asl100/S3D/sweep_qsh82m4w/cqoeslmo/checkpoints","42","asl100","0.0007777339353877906","0.00008285572769551704","8","0.00002270741243683757","0.000016807361998705558","224","true","32","224","[0.43216,0.394666,0.37645]","[0.22803,0.22145,0.216989]","true","[{""type"":""Centre_crop"",""frame_size"":224}]","true","32","[{""type"":""uniform"",""max_wobble"":0,""target_length"":32}]","224","[0.43216,0.394666,0.37645]","[0.22803,0.22145,0.216989]","true","[{""p"":0.34521928764129,""type"":""HORIZONTAL_FLIP""},{""type"":""Centre_crop"",""frame_size"":224},{""type"":""RANDAUGMENT"",""num_ops"":4,""magnitude"":12,""interpolation"":""bilinear"",""num_magnitude_bins"":31}]","true","32","[{""type"":""chunked"",""max_wobble"":3,""target_length"":32}]","0.5113244580684239","1","0.00014830970599496944","0","224","0.34521928764129","12","200","3","0.01","0.5113244580684239","supervised","31","4","0.0007777339353877906","0.00008285572769551704","0.00002270741243683757","0.000016807361998705558","0.00014830970599496944","20","0","20","1","CosineAnnealingWarmRestarts","1","0.35597045098080177","5","0.35597045098080177","loss","0.01","min","20","val","early_stopper","20","32","1","8","8","200","1","1","5","66.57420249653259","73.75","44.67455621301775","15","1.4341917381868614","1.1838071763515472","2.0471301149391974","0","2800"
"S3D_asl100_j36e6wk9","50","2.8127486817903353","j36e6wk9","failed","-","","","2026-08-15T21:40:47.000Z","1703","","/home/luke/Code/SLR/src/configfiles/sweeps/S3D/exp004/base.py","WLASL","j36e6wk9","S3D","false","/home/luke/Code/SLR/src/runs/asl100/S3D/sweep_qsh82m4w/j36e6wk9/checkpoints","42","asl100","0.000017495441709789663","0.0015398656485287898","8","0.0017271321583423572","0.00018974692111744124","224","true","32","224","[0.43216,0.394666,0.37645]","[0.22803,0.22145,0.216989]","true","[{""type"":""Centre_crop"",""frame_size"":224}]","true","32","[{""type"":""uniform"",""max_wobble"":0,""target_length"":32}]","224","[0.43216,0.394666,0.37645]","[0.22803,0.22145,0.216989]","true","[{""type"":""HORIZONTAL_FLIP"",""p"":0.36808342381445114},{""type"":""Centre_crop"",""frame_size"":224},{""interpolation"":""bilinear"",""num_magnitude_bins"":31,""type"":""RANDAUGMENT"",""num_ops"":6,""magnitude"":12}]","true","32","[{""type"":""chunked"",""max_wobble"":7,""target_length"":32}]","0.17383418478372328","1","8.461586847294622e-7","0","224","0.36808342381445114","12","200","7","0.01","0.17383418478372328","supervised","31","6","0.000017495441709789663","0.0015398656485287898","0.0017271321583423572","0.00018974692111744124","8.461586847294622e-7","20","0","29","2","CosineAnnealingWarmRestarts","1","0.03220850371099019","8","0.03220850371099019","loss","0.01","min","20","val","early_stopper","29","32","2","8","8","200","1","1","8","53.32871012482663","58.75","50","15","1.645657036406984","1.5365487098693849","2.8296345885704866","1","2780"
"S3D_asl100_bs3xzvg7","76.03550295857988","0.9335573391667688","bs3xzvg7","finished","-","","","2026-08-15T21:40:06.000Z","18845","","/home/luke/Code/SLR/src/configfiles/sweeps/S3D/exp004/base.py","WLASL","bs3xzvg7","S3D","false","/home/luke/Code/SLR/src/runs/asl100/S3D/sweep_qsh82m4w/bs3xzvg7/checkpoints","42","asl100","0.00009882176485486212","0.000006355078409007538","8","0.000021844721360515147","0.00009271263420741148","224","true","32","224","[0.43216,0.394666,0.37645]","[0.22803,0.22145,0.216989]","true","[{""type"":""Centre_crop"",""frame_size"":224}]","true","32","[{""type"":""uniform"",""max_wobble"":0,""target_length"":32}]","224","[0.43216,0.394666,0.37645]","[0.22803,0.22145,0.216989]","true","[{""type"":""HORIZONTAL_FLIP"",""p"":0.1598890010849916},{""type"":""Centre_crop"",""frame_size"":224},{""num_magnitude_bins"":31,""type"":""RANDAUGMENT"",""num_ops"":3,""magnitude"":11,""interpolation"":""bilinear""}]","true","32","[{""type"":""chunked"",""max_wobble"":0,""target_length"":32}]","0.12937088085490492","1","0.000010168620083290895","0","224","0.1598890010849916","11","200","0","0.01","0.12937088085490492","supervised","31","3","0.00009882176485486212","0.000006355078409007538","0.000021844721360515147","0.00009271263420741148","0.000010168620083290895","20","0","14","1","CosineAnnealingWarmRestarts","1","0.026304614388549377","5","0.026304614388549377","loss","0.01","min","20","val","early_stopper","14","32","1","8","8","200","1","1","5","99.09847434119278","98.75","73.66863905325444","67","0.0823009353539236","0.12411441132426262","1.2067000883121533","20","12120"
"S3D_asl100_kv7z6vkd","45.5621301775148","2.064391897700369","kv7z6vkd","failed","-","","","2026-08-15T21:11:25.000Z","1722","","/home/luke/Code/SLR/src/configfiles/sweeps/S3D/exp004/base.py","WLASL","kv7z6vkd","S3D","false","/home/luke/Code/SLR/src/runs/asl100/S3D/sweep_qsh82m4w/kv7z6vkd/checkpoints","42","asl100","0.00007498685948513446","0.0014767052202606277","8","0.000006898353146491544","0.00005396019923489","224","true","32","224","[0.43216,0.394666,0.37645]","[0.22803,0.22145,0.216989]","true","[{""type"":""Centre_crop"",""frame_size"":224}]","true","32","[{""max_wobble"":0,""target_length"":32,""type"":""uniform""}]","224","[0.43216,0.394666,0.37645]","[0.22803,0.22145,0.216989]","true","[{""p"":0.27833956133003457,""type"":""HORIZONTAL_FLIP""},{""type"":""Centre_crop"",""frame_size"":224},{""type"":""RANDAUGMENT"",""num_ops"":6,""magnitude"":7,""interpolation"":""bilinear"",""num_magnitude_bins"":31}]","true","32","[{""type"":""chunked"",""max_wobble"":1,""target_length"":32}]","0.39542933530524815","1","0.000009096249940540963","0","224","0.27833956133003457","7","200","1","0.01","0.39542933530524815","supervised","31","6","0.00007498685948513446","0.0014767052202606277","0.000006898353146491544","0.00005396019923489","0.000009096249940540963","20","0","27","2","CosineAnnealingWarmRestarts","1","0.001491279310582916","5","0.001491279310582916","loss","0.01","min","20","val","early_stopper","27","32","2","8","8","200","1","1","5","62.62135922330097","58.75","43.19526627218935","15","2.1986876797246206","2.181418752670288","2.064391897700369","0","2820"
"S3D_asl100_exp082","72.7810650887574","1.2305972905928355","bwxjm6cy","finished","-","","CHUNKED, RANDAUG, compto82","2026-08-15T20:02:28.000Z","4095","","configfiles/asl100/S3D/exp082.toml","WLASL","082","S3D","false","runs/asl100/S3D/exp082/checkpoints003","44","asl100","","","","","","224","true","32","224","[0.43216,0.394666,0.37645]","[0.22803,0.22145,0.216989]","true","[{""type"":""Centre_crop"",""frame_size"":224}]","true","32","[{""type"":""uniform"",""max_wobble"":0,""target_length"":32}]","224","[0.43216,0.394666,0.37645]","[0.22803,0.22145,0.216989]","true","[{""p"":0.5,""type"":""HORIZONTAL_FLIP""},{""type"":""Centre_crop"",""frame_size"":224},{""magnitude"":7,""interpolation"":""bilinear"",""num_magnitude_bins"":31,""type"":""RANDAUGMENT"",""num_ops"":3}]","true","32","[{""type"":""chunked"",""max_wobble"":0,""target_length"":32}]","","","","","","","","","","","0.5","supervised","","","0.0001","0.001","0.001","0.001","0.00001","","0","20","1","CosineAnnealingWarmRestarts","","","","","loss","0.01","min","15","val","early_stopper","","","","8","8","200","1","","","98.4743411927878","98.75","68.34319526627219","36","0.05820050721745241","0.0674386796541512","1.477878657134293","15","6510"
"S3D_asl100_exp082","71.00591715976331","1.1809508739099968","n39z7osg","finished","-","","CHUNKED, RANDAUG, compto82","2026-08-15T18:59:22.000Z","3745","","configfiles/asl100/S3D/exp082.toml","WLASL","082","S3D","false","runs/asl100/S3D/exp082/checkpoints002","43","asl100","","","","","","224","true","32","224","[0.43216,0.394666,0.37645]","[0.22803,0.22145,0.216989]","true","[{""type"":""Centre_crop"",""frame_size"":224}]","true","32","[{""type"":""uniform"",""max_wobble"":0,""target_length"":32}]","224","[0.43216,0.394666,0.37645]","[0.22803,0.22145,0.216989]","true","[{""p"":0.5,""type"":""HORIZONTAL_FLIP""},{""type"":""Centre_crop"",""frame_size"":224},{""type"":""RANDAUGMENT"",""num_ops"":3,""magnitude"":7,""interpolation"":""bilinear"",""num_magnitude_bins"":31}]","true","32","[{""type"":""chunked"",""max_wobble"":0,""target_length"":32}]","","","","","","","","","","","0.5","supervised","","","0.0001","0.001","0.001","0.001","0.00001","","0","20","1","CosineAnnealingWarmRestarts","","","","","loss","0.01","min","15","val","early_stopper","","","","8","8","200","1","","","96.87933425797505","93.75","68.04733727810651","33","0.10865638712576065","0.1977742078714073","1.511010839787377","15","5970"
"S3D_asl100_lm9truxo","76.33136094674556","0.9773211462665208","lm9truxo","finished","-","","","2026-08-15T14:56:50.000Z","6114","","<in-memory:sweep>","WLASL","lm9truxo","S3D","false","/home/luke/Code/SLR/src/runs/asl100/S3D/sweep_qsh82m4w/lm9truxo/checkpoints","42","asl100","0.000218679377127642","0.044424860290109426","8","0.000025375718031179636","0.0005216849259422171","224","true","32","224","[0.43216,0.394666,0.37645]","[0.22803,0.22145,0.216989]","true","[{""type"":""Centre_crop"",""frame_size"":224}]","true","32","[{""max_wobble"":0,""target_length"":32,""type"":""uniform""}]","224","[0.43216,0.394666,0.37645]","[0.22803,0.22145,0.216989]","true","[{""p"":0.13499948738020973,""type"":""HORIZONTAL_FLIP""},{""type"":""Centre_crop"",""frame_size"":224},{""magnitude"":4,""interpolation"":""bilinear"",""num_magnitude_bins"":31,""type"":""RANDAUGMENT"",""num_ops"":2}]","true","32","[{""type"":""chunked"",""max_wobble"":1,""target_length"":32}]","0.10120233870080482","1","0.00002519963749414871","0","224","0.13499948738020973","4","200","1","0.01","0.10120233870080482","supervised","31","2","0.000218679377127642","0.044424860290109426","0.000025375718031179636","0.0005216849259422171","0.00002519963749414871","20","0","31","2","CosineAnnealingWarmRestarts","1","0.08102489047221395","8","0.08102489047221395","loss","0.01","min","20","val","early_stopper","31","32","2","8","8","200","1","1","8","97.71151178918169","97.5","65.68047337278107","56","0.1006493182715943","0.1280219776555896","1.488148593953231","20","10130"
"S3D_asl100_hf740mwi","68.34319526627219","1.2207093483185247","hf740mwi","failed","-","","","2026-08-15T13:03:51.000Z","4996","","<in-memory:sweep>","WLASL","hf740mwi","S3D","false","/home/luke/Code/SLR/src/runs/asl100/S3D/sweep_qsh82m4w/hf740mwi/checkpoints","42","asl100","0.000025080150292980085","0.008862381265128534","8","0.0008715487299263785","0.0013620779975714638","224","true","32","224","[0.43216,0.394666,0.37645]","[0.22803,0.22145,0.216989]","true","[{""frame_size"":224,""type"":""Centre_crop""}]","true","32","[{""type"":""uniform"",""max_wobble"":0,""target_length"":32}]","224","[0.43216,0.394666,0.37645]","[0.22803,0.22145,0.216989]","true","[{""p"":0.4365589941549079,""type"":""HORIZONTAL_FLIP""},{""type"":""Centre_crop"",""frame_size"":224},{""interpolation"":""bilinear"",""num_magnitude_bins"":31,""type"":""RANDAUGMENT"",""num_ops"":6,""magnitude"":12}]","true","32","[{""type"":""chunked"",""max_wobble"":7,""target_length"":32}]","0.35014014569090834","1","0.00031435940085150553","0","224","0.4365589941549079","12","200","7","0.01","0.35014014569090834","supervised","31","6","0.000025080150292980085","0.008862381265128534","0.0008715487299263785","0.0013620779975714638","0.00031435940085150553","20","0","11","2","CosineAnnealingWarmRestarts","1","0.15377546332195854","8","0.15377546332195854","loss","0.01","min","20","val","early_stopper","11","32","2","8","8","200","1","1","8","81.48404993065188","77.5","63.6094674556213","45","0.6087663202506494","0.7959169238805771","1.7957010976944592","4","8180"
"S3D_asl100_mdpvz4tu","65.68047337278107","1.6118795953343403","mdpvz4tu","finished","-","","","2026-08-15T13:03:10.000Z","21331","","<in-memory:sweep>","WLASL","mdpvz4tu","S3D","false","/home/luke/Code/SLR/src/runs/asl100/S3D/sweep_qsh82m4w/mdpvz4tu/checkpoints","42","asl100","0.00002402527177267448","0.02809573961034388","8","0.0014398914988979143","0.0006492809972594839","224","true","32","224","[0.43216,0.394666,0.37645]","[0.22803,0.22145,0.216989]","true","[{""type"":""Centre_crop"",""frame_size"":224}]","true","32","[{""type"":""uniform"",""max_wobble"":0,""target_length"":32}]","224","[0.43216,0.394666,0.37645]","[0.22803,0.22145,0.216989]","true","[{""type"":""HORIZONTAL_FLIP"",""p"":0.04356165121697059},{""type"":""Centre_crop"",""frame_size"":224},{""num_magnitude_bins"":31,""type"":""RANDAUGMENT"",""num_ops"":2,""magnitude"":13,""interpolation"":""bilinear""}]","true","32","[{""type"":""chunked"",""max_wobble"":0,""target_length"":32}]","0.12157955611432834","1","6.108436084948957e-7","0","224","0.04356165121697059","13","200","0","0.01","0.12157955611432834","supervised","31","2","0.00002402527177267448","0.02809573961034388","0.0014398914988979143","0.0006492809972594839","6.108436084948957e-7","20","0","13","2","CosineAnnealingWarmRestarts","1","0.020415928899731928","5","0.020415928899731928","loss","0.01","min","20","val","early_stopper","13","32","2","8","8","200","1","1","5","95.49237170596392","93.75","64.49704142011835","38","0.16166268608916484","0.17946369000710546","1.824690913214944","20","6870"
"S3D_asl100_62b0qfgk","51.77514792899408","2.06621006354291","62b0qfgk","failed","-","","","2026-08-15T12:34:50.000Z","1701","","<in-memory:sweep>","WLASL","62b0qfgk","S3D","false","/home/luke/Code/SLR/src/runs/asl100/S3D/sweep_qsh82m4w/62b0qfgk/checkpoints","42","asl100","0.0008252416208010196","0.0004471749556458312","8","0.000543530414671588","0.004239316277580224","224","true","32","224","[0.43216,0.394666,0.37645]","[0.22803,0.22145,0.216989]","true","[{""type"":""Centre_crop"",""frame_size"":224}]","true","32","[{""target_length"":32,""type"":""uniform"",""max_wobble"":0}]","224","[0.43216,0.394666,0.37645]","[0.22803,0.22145,0.216989]","true","[{""p"":0.3685174987640642,""type"":""HORIZONTAL_FLIP""},{""type"":""Centre_crop"",""frame_size"":224},{""interpolation"":""bilinear"",""num_magnitude_bins"":31,""type"":""RANDAUGMENT"",""num_ops"":1,""magnitude"":4}]","true","32","[{""target_length"":32,""type"":""chunked"",""max_wobble"":6}]","0.6114880278303948","1","0.0003806593428507365","0","224","0.3685174987640642","4","200","6","0.01","0.6114880278303948","supervised","31","1","0.0008252416208010196","0.0004471749556458312","0.000543530414671588","0.004239316277580224","0.0003806593428507365","20","0","10","1","CosineAnnealingWarmRestarts","1","0.022929349667927305","8","0.022929349667927305","loss","0.01","min","20","val","early_stopper","10","32","1","8","8","200","1","1","8","88.83495145631068","95","51.77514792899408","15","0.48583520020922744","0.32300219386816026","2.06621006354291","0","2820"
"S3D_asl100_1t5na78t","73.07692307692308","1.1680043516704188","1t5na78t","failed","-","","","2026-08-15T10:42:47.000Z","4943","","<in-memory:sweep>","WLASL","1t5na78t","S3D","false","/home/luke/Code/SLR/src/runs/asl100/S3D/sweep_qsh82m4w/1t5na78t/checkpoints","42","asl100","0.0004393433630374199","0.003486063059162387","8","0.0064032173355595785","0.0002022906735039036","224","true","32","224","[0.43216,0.394666,0.37645]","[0.22803,0.22145,0.216989]","true","[{""type"":""Centre_crop"",""frame_size"":224}]","true","32","[{""type"":""uniform"",""max_wobble"":0,""target_length"":32}]","224","[0.43216,0.394666,0.37645]","[0.22803,0.22145,0.216989]","true","[{""p"":0.359247599728329,""type"":""HORIZONTAL_FLIP""},{""type"":""Centre_crop"",""frame_size"":224},{""type"":""RANDAUGMENT"",""num_ops"":4,""magnitude"":10,""interpolation"":""bilinear"",""num_magnitude_bins"":31}]","true","32","[{""max_wobble"":6,""target_length"":32,""type"":""chunked""}]","0.4650089851981287","1","0.0004585034301334336","0","224","0.359247599728329","10","200","6","0.01","0.4650089851981287","supervised","31","4","0.0004393433630374199","0.003486063059162387","0.0064032173355595785","0.0002022906735039036","0.0004585034301334336","20","0","10","2","CosineAnnealingWarmRestarts","1","0.0013490923227706788","2","0.0013490923227706788","loss","0.01","min","20","val","early_stopper","10","32","2","8","8","200","1","1","2","84.6740638002774","88.75","51.77514792899408","45","0.4843161777178557","0.31306888684630396","2.6926586174502543","17","8160"
"S3D_asl100_saqj4ajt","51.4792899408284","3.8159632128139345","saqj4ajt","failed","-","","","2026-08-15T10:13:51.000Z","1696","","<in-memory:sweep>","WLASL","saqj4ajt","S3D","false","/home/luke/Code/SLR/src/runs/asl100/S3D/sweep_qsh82m4w/saqj4ajt/checkpoints","42","asl100","0.000016756545766083544","0.0004571667104538418","8","0.0068542574284424515","0.08405591257356433","224","true","32","224","[0.43216,0.394666,0.37645]","[0.22803,0.22145,0.216989]","true","[{""type"":""Centre_crop"",""frame_size"":224}]","true","32","[{""type"":""uniform"",""max_wobble"":0,""target_length"":32}]","224","[0.43216,0.394666,0.37645]","[0.22803,0.22145,0.216989]","true","[{""p"":0.11809668935047928,""type"":""HORIZONTAL_FLIP""},{""type"":""Centre_crop"",""frame_size"":224},{""num_magnitude_bins"":31,""type"":""RANDAUGMENT"",""num_ops"":3,""magnitude"":8,""interpolation"":""bilinear""}]","true","32","[{""type"":""chunked"",""max_wobble"":1,""target_length"":32}]","0.6261105046385893","1","0.0009139580163883268","0","224","0.11809668935047928","8","200","1","0.01","0.6261105046385893","supervised","31","3","0.000016756545766083544","0.0004571667104538418","0.0068542574284424515","0.08405591257356433","0.0009139580163883268","20","0","33","2","CosineAnnealingWarmRestarts","1","0.004546850826425283","2","0.004546850826425283","loss","0.01","min","20","val","early_stopper","33","32","2","8","8","200","1","1","2","53.675450762829406","65","51.4792899408284","15","1.9682020823601711","1.4907324701547622","3.8159632128139345","0","2810"
"S3D_asl100_t67urwuo","50","1.9383217143974203","t67urwuo","failed","-","","","2026-08-15T10:13:10.000Z","16978","","<in-memory:sweep>","WLASL","t67urwuo","S3D","false","/home/luke/Code/SLR/src/runs/asl100/S3D/sweep_qsh82m4w/t67urwuo/checkpoints","42","asl100","0.000013678212570495448","0.002377046162251582","8","0.00042541553613355113","0.07409993351545446","224","true","32","224","[0.43216,0.394666,0.37645]","[0.22803,0.22145,0.216989]","true","[{""type"":""Centre_crop"",""frame_size"":224}]","true","32","[{""type"":""uniform"",""max_wobble"":0,""target_length"":32}]","224","[0.43216,0.394666,0.37645]","[0.22803,0.22145,0.216989]","true","[{""p"":0.4668102735007314,""type"":""HORIZONTAL_FLIP""},{""type"":""Centre_crop"",""frame_size"":224},{""num_magnitude_bins"":31,""type"":""RANDAUGMENT"",""num_ops"":4,""magnitude"":10,""interpolation"":""bilinear""}]","true","32","[{""target_length"":32,""type"":""chunked"",""max_wobble"":5}]","0.4124335326748448","1","0.00034042440559141574","0","224","0.4668102735007314","10","200","5","0.01","0.4124335326748448","supervised","31","4","0.000013678212570495448","0.002377046162251582","0.00042541553613355113","0.07409993351545446","0.00034042440559141574","20","0","25","1","CosineAnnealingWarmRestarts","1","0.0831930426761007","2","0.0831930426761007","loss","0.01","min","20","val","early_stopper","25","32","1","8","8","200","1","1","2","55.20110957004161","57.5","50","15","1.839893454486884","1.8200259923934936","1.9383217143974203","0","2800"
"S3D_asl100_05hj337m","51.18343195266272","2.026829177045622","05hj337m","failed","-","","","2026-08-15T09:44:50.000Z","1700","","<in-memory:sweep>","WLASL","05hj337m","S3D","false","/home/luke/Code/SLR/src/runs/asl100/S3D/sweep_qsh82m4w/05hj337m/checkpoints","42","asl100","0.000014479485678222228","0.00002730963486413795","8","0.0004676917941426932","0.008478554927426158","224","true","32","224","[0.43216,0.394666,0.37645]","[0.22803,0.22145,0.216989]","true","[{""type"":""Centre_crop"",""frame_size"":224}]","true","32","[{""type"":""uniform"",""max_wobble"":0,""target_length"":32}]","224","[0.43216,0.394666,0.37645]","[0.22803,0.22145,0.216989]","true","[{""p"":0.37592522487744207,""type"":""HORIZONTAL_FLIP""},{""type"":""Centre_crop"",""frame_size"":224},{""interpolation"":""bilinear"",""num_magnitude_bins"":31,""type"":""RANDAUGMENT"",""num_ops"":4,""magnitude"":3}]","true","32","[{""target_length"":32,""type"":""chunked"",""max_wobble"":5}]","0.46609778218663944","1","0.0000020587053478522324","0","224","0.37592522487744207","3","200","5","0.01","0.46609778218663944","supervised","31","4","0.000014479485678222228","0.00002730963486413795","0.0004676917941426932","0.008478554927426158","0.0000020587053478522324","20","0","19","1","CosineAnnealingWarmRestarts","1","0.003629595506891762","8","0.003629595506891762","loss","0.01","min","20","val","early_stopper","19","32","1","8","8","200","1","1","8","59.70873786407767","62.5","51.18343195266272","15","1.6578477774843594","1.538694167137146","2.026829177045622","0","2800"
"S3D_asl100_5bnj92p3","53.84615384615385","2.099393213742055","5bnj92p3","failed","-","","","2026-08-15T09:44:10.000Z","10200","","<in-memory:sweep>","WLASL","5bnj92p3","S3D","false","/home/luke/Code/SLR/src/runs/asl100/S3D/sweep_qsh82m4w/5bnj92p3/checkpoints","42","asl100","0.0004757006007973774","0.008318890266663818","8","0.001138898096867029","0.00002776868037621277","224","true","32","224","[0.43216,0.394666,0.37645]","[0.22803,0.22145,0.216989]","true","[{""frame_size"":224,""type"":""Centre_crop""}]","true","32","[{""type"":""uniform"",""max_wobble"":0,""target_length"":32}]","224","[0.43216,0.394666,0.37645]","[0.22803,0.22145,0.216989]","true","[{""p"":0.04990951769877178,""type"":""HORIZONTAL_FLIP""},{""type"":""Centre_crop"",""frame_size"":224},{""type"":""RANDAUGMENT"",""num_ops"":1,""magnitude"":3,""interpolation"":""bilinear"",""num_magnitude_bins"":31}]","true","32","[{""type"":""chunked"",""max_wobble"":4,""target_length"":32}]","0.5385179041746245","1","0.000022490031028108857","0","224","0.04990951769877178","3","200","4","0.01","0.5385179041746245","supervised","31","1","0.0004757006007973774","0.008318890266663818","0.001138898096867029","0.00002776868037621277","0.000022490031028108857","20","0","36","1","CosineAnnealingWarmRestarts","1","0.02278605218427285","0","0.02278605218427285","loss","0.01","min","20","val","early_stopper","36","32","1","8","8","200","1","1","0","85.02080443828017","87.5","53.84615384615385","15","0.5138076572122257","0.41386317610740664","2.099393213742055","0","2820"
"S3D_asl100_xtxyrlli","45.857988165680474","2.985226110752745","xtxyrlli","failed","-","","","2026-08-15T09:15:45.000Z","1705","","<in-memory:sweep>","WLASL","xtxyrlli","S3D","false","/home/luke/Code/SLR/src/runs/asl100/S3D/sweep_qsh82m4w/xtxyrlli/checkpoints","42","asl100","0.00024632960347938305","0.00826184594484411","8","0.005719026836976696","0.00005486779893580969","224","true","32","224","[0.43216,0.394666,0.37645]","[0.22803,0.22145,0.216989]","true","[{""frame_size"":224,""type"":""Centre_crop""}]","true","32","[{""type"":""uniform"",""max_wobble"":0,""target_length"":32}]","224","[0.43216,0.394666,0.37645]","[0.22803,0.22145,0.216989]","true","[{""p"":0.4138945225004589,""type"":""HORIZONTAL_FLIP""},{""type"":""Centre_crop"",""frame_size"":224},{""type"":""RANDAUGMENT"",""num_ops"":4,""magnitude"":15,""interpolation"":""bilinear"",""num_magnitude_bins"":31}]","true","32","[{""type"":""chunked"",""max_wobble"":0,""target_length"":32}]","0.4390193071292446","1","0.000001547038712575695","0","224","0.4138945225004589","15","200","0","0.01","0.4390193071292446","supervised","31","4","0.00024632960347938305","0.00826184594484411","0.005719026836976696","0.00005486779893580969","0.000001547038712575695","20","0","25","1","CosineAnnealingWarmRestarts","1","0.002364059626939515","5","0.002364059626939515","loss","0.01","min","20","val","early_stopper","25","32","1","8","8","200","1","1","5","73.02357836338419","81.25","45.857988165680474","15","0.9784180428548592","0.6430984452366829","3.617894409513072","2","2820"
"S3D_asl100_g33ju6ie","66.86390532544378","1.3016384997768458","g33ju6ie","failed","-","","","2026-08-15T07:52:48.000Z","4938","","<in-memory:sweep>","WLASL","g33ju6ie","S3D","false","/home/luke/Code/SLR/src/runs/asl100/S3D/sweep_qsh82m4w/g33ju6ie/checkpoints","42","asl100","0.000033066424290170575","0.00003893495792621692","8","0.00017892218190412022","0.0023995170300621675","224","true","32","224","[0.43216,0.394666,0.37645]","[0.22803,0.22145,0.216989]","true","[{""frame_size"":224,""type"":""Centre_crop""}]","true","32","[{""type"":""uniform"",""max_wobble"":0,""target_length"":32}]","224","[0.43216,0.394666,0.37645]","[0.22803,0.22145,0.216989]","true","[{""p"":0.13413113037818103,""type"":""HORIZONTAL_FLIP""},{""type"":""Centre_crop"",""frame_size"":224},{""type"":""RANDAUGMENT"",""num_ops"":1,""magnitude"":8,""interpolation"":""bilinear"",""num_magnitude_bins"":31}]","true","32","[{""type"":""chunked"",""max_wobble"":1,""target_length"":32}]","0.5723064871722731","1","0.0004945176997990297","0","224","0.13413113037818103","8","200","1","0.01","0.5723064871722731","supervised","31","1","0.000033066424290170575","0.00003893495792621692","0.00017892218190412022","0.0023995170300621675","0.0004945176997990297","20","0","28","1","CosineAnnealingWarmRestarts","1","0.4899146423106025","0","0.4899146423106025","loss","0.01","min","20","val","early_stopper","28","32","1","8","8","200","1","1","0","97.8502080443828","96.25","65.68047337278107","45","0.1486496281049288","0.1668357213959098","1.3016384997768458","0","8200"
"S3D_asl100_p2l5tpat","69.23076923076923","1.30633008057157","p2l5tpat","finished","-","","","2026-08-15T07:52:07.000Z","35807","","<in-memory:sweep>","WLASL","p2l5tpat","S3D","false","/home/luke/Code/SLR/src/runs/asl100/S3D/sweep_qsh82m4w/p2l5tpat/checkpoints","42","asl100","0.000054788043904979314","0.0007302568672261381","8","0.0006927789484637135","0.000006145025297605294","224","true","32","224","[0.43216,0.394666,0.37645]","[0.22803,0.22145,0.216989]","true","[{""type"":""Centre_crop"",""frame_size"":224}]","true","32","[{""type"":""uniform"",""max_wobble"":0,""target_length"":32}]","224","[0.43216,0.394666,0.37645]","[0.22803,0.22145,0.216989]","true","[{""p"":0.0026123785987001713,""type"":""HORIZONTAL_FLIP""},{""type"":""Centre_crop"",""frame_size"":224},{""magnitude"":8,""interpolation"":""bilinear"",""num_magnitude_bins"":31,""type"":""RANDAUGMENT"",""num_ops"":4}]","true","32","[{""type"":""chunked"",""max_wobble"":8,""target_length"":32}]","0.35979576681413805","1","0.000008144296841742137","0","224","0.0026123785987001713","8","200","8","0.01","0.35979576681413805","supervised","31","4","0.000054788043904979314","0.0007302568672261381","0.0006927789484637135","0.000006145025297605294","0.000008144296841742137","20","0","17","2","CosineAnnealingWarmRestarts","1","0.1081650998260832","0","0.1081650998260832","loss","0.01","min","20","val","early_stopper","17","32","2","8","8","200","1","1","0","97.8502080443828","97.5","67.75147928994083","38","0.09985643949995177","0.0920485932379961","1.3670379929584824","20","6870"
"S3D_asl100_4o8mxc16","74.85207100591715","0.9814544652232016","4o8mxc16","finished","-","","","2026-08-15T04:57:48.000Z","5467","","<in-memory:sweep>","WLASL","4o8mxc16","S3D","false","/home/luke/Code/SLR/src/runs/asl100/S3D/sweep_qsh82m4w/4o8mxc16/checkpoints","42","asl100","0.00011345598815488148","0.02777972536731688","8","0.000032790613902662425","0.000047893274596639864","224","true","32","224","[0.43216,0.394666,0.37645]","[0.22803,0.22145,0.216989]","true","[{""type"":""Centre_crop"",""frame_size"":224}]","true","32","[{""type"":""uniform"",""max_wobble"":0,""target_length"":32}]","224","[0.43216,0.394666,0.37645]","[0.22803,0.22145,0.216989]","true","[{""p"":0.303137396580457,""type"":""HORIZONTAL_FLIP""},{""type"":""Centre_crop"",""frame_size"":224},{""type"":""RANDAUGMENT"",""num_ops"":4,""magnitude"":10,""interpolation"":""bilinear"",""num_magnitude_bins"":31}]","true","32","[{""type"":""chunked"",""max_wobble"":1,""target_length"":32}]","0.23787823443913975","1","0.0000011449399227116729","0","224","0.303137396580457","10","200","1","0.01","0.23787823443913975","supervised","31","4","0.00011345598815488148","0.02777972536731688","0.000032790613902662425","0.000047893274596639864","0.0000011449399227116729","20","0","28","2","CosineAnnealingWarmRestarts","1","0.009536760675431586","2","0.009536760675431586","loss","0.01","min","20","val","early_stopper","28","32","2","8","8","200","1","1","2","97.8502080443828","95.94594594594597","69.5266272189349","50","0.1209464465860851","0.15280330493240743","1.2684860933841748","20","9050"
"S3D_asl100_rungb2q2","41.71597633136095","2.1877849023655616","rungb2q2","failed","-","","","2026-08-15T04:28:51.000Z","1697","","<in-memory:sweep>","WLASL","rungb2q2","S3D","false","/home/luke/Code/SLR/src/runs/asl100/S3D/sweep_qsh82m4w/rungb2q2/checkpoints","42","asl100","0.00037753842900914783","0.0063974848575850726","8","0.00043816538548750527","0.000020247986440490104","224","true","32","224","[0.43216,0.394666,0.37645]","[0.22803,0.22145,0.216989]","true","[{""type"":""Centre_crop"",""frame_size"":224}]","true","32","[{""type"":""uniform"",""max_wobble"":0,""target_length"":32}]","224","[0.43216,0.394666,0.37645]","[0.22803,0.22145,0.216989]","true","[{""p"":0.29799560944558845,""type"":""HORIZONTAL_FLIP""},{""type"":""Centre_crop"",""frame_size"":224},{""type"":""RANDAUGMENT"",""num_ops"":3,""magnitude"":4,""interpolation"":""bilinear"",""num_magnitude_bins"":31}]","true","32","[{""target_length"":32,""type"":""chunked"",""max_wobble"":4}]","0.5412590940949079","1","0.000010293353927191226","0","224","0.29799560944558845","4","200","4","0.01","0.5412590940949079","supervised","31","3","0.00037753842900914783","0.0063974848575850726","0.00043816538548750527","0.000020247986440490104","0.000010293353927191226","20","0","38","2","CosineAnnealingWarmRestarts","1","0.18818319812763737","5","0.18818319812763737","loss","0.01","min","20","val","early_stopper","38","32","2","8","8","200","1","1","5","82.24687933425797","85","41.71597633136095","15","0.6233256650202482","0.4858043164014816","2.693105302722614","4","2810"
"S3D_asl100_dauqmkgb","50","2.5335905295103114","dauqmkgb","failed","-","","","2026-08-15T03:59:50.000Z","1701","","<in-memory:sweep>","WLASL","dauqmkgb","S3D","false","/home/luke/Code/SLR/src/runs/asl100/S3D/sweep_qsh82m4w/dauqmkgb/checkpoints","42","asl100","0.000492247418729068","0.0005229890260905472","8","0.002232648627381418","0.003469639984048164","224","true","32","224","[0.43216,0.394666,0.37645]","[0.22803,0.22145,0.216989]","true","[{""type"":""Centre_crop"",""frame_size"":224}]","true","32","[{""type"":""uniform"",""max_wobble"":0,""target_length"":32}]","224","[0.43216,0.394666,0.37645]","[0.22803,0.22145,0.216989]","true","[{""p"":0.41633015851592553,""type"":""HORIZONTAL_FLIP""},{""type"":""Centre_crop"",""frame_size"":224},{""type"":""RANDAUGMENT"",""num_ops"":1,""magnitude"":12,""interpolation"":""bilinear"",""num_magnitude_bins"":31}]","true","32","[{""type"":""chunked"",""max_wobble"":5,""target_length"":32}]","0.6782645096826","1","8.168704824641128e-7","0","224","0.41633015851592553","12","200","5","0.01","0.6782645096826","supervised","31","1","0.000492247418729068","0.0005229890260905472","0.002232648627381418","0.003469639984048164","8.168704824641128e-7","20","0","23","1","CosineAnnealingWarmRestarts","1","0.0723661771800947","5","0.0723661771800947","loss","0.01","min","20","val","early_stopper","23","32","1","8","8","200","1","1","5","78.15533980582525","81.25","47.33727810650888","15","0.7154697917515461","0.6863764271140098","2.534313676464284","1","2820"
"S3D_asl100_80f1pwwf","44.97041420118343","2.303915812495567","80f1pwwf","failed","-","","","2026-08-15T03:30:46.000Z","1699","","<in-memory:sweep>","WLASL","80f1pwwf","S3D","false","/home/luke/Code/SLR/src/runs/asl100/S3D/sweep_qsh82m4w/80f1pwwf/checkpoints","42","asl100","0.0009147303121638486","0.00013834404783809757","8","0.000018969548773020635","0.00001097717633496834","224","true","32","224","[0.43216,0.394666,0.37645]","[0.22803,0.22145,0.216989]","true","[{""type"":""Centre_crop"",""frame_size"":224}]","true","32","[{""type"":""uniform"",""max_wobble"":0,""target_length"":32}]","224","[0.43216,0.394666,0.37645]","[0.22803,0.22145,0.216989]","true","[{""p"":0.016340772665418446,""type"":""HORIZONTAL_FLIP""},{""type"":""Centre_crop"",""frame_size"":224},{""type"":""RANDAUGMENT"",""num_ops"":4,""magnitude"":8,""interpolation"":""bilinear"",""num_magnitude_bins"":31}]","true","32","[{""type"":""chunked"",""max_wobble"":7,""target_length"":32}]","0.33783324223680744","1","0.0006644136919327785","0","224","0.016340772665418446","8","200","7","0.01","0.33783324223680744","supervised","31","4","0.0009147303121638486","0.00013834404783809757","0.000018969548773020635","0.00001097717633496834","0.0006644136919327785","20","0","37","1","CosineAnnealingWarmRestarts","1","0.0029347326083322455","5","0.0029347326083322455","loss","0.01","min","20","val","early_stopper","37","32","1","8","8","200","1","1","5","71.49791955617198","71.25","44.97041420118343","15","1.2048674385359153","0.9868967235088348","2.303915812495567","0","2810"
"S3D_asl100_4nzmmm7d","21.597633136094675","3.1487929311769043","4nzmmm7d","failed","-","","","2026-08-15T03:01:51.000Z","1694","","<in-memory:sweep>","WLASL","4nzmmm7d","S3D","false","/home/luke/Code/SLR/src/runs/asl100/S3D/sweep_qsh82m4w/4nzmmm7d/checkpoints","42","asl100","0.000014369353920444303","0.02275052582635744","8","0.000038370311209796255","0.0017458969429696265","224","true","32","224","[0.43216,0.394666,0.37645]","[0.22803,0.22145,0.216989]","true","[{""type"":""Centre_crop"",""frame_size"":224}]","true","32","[{""type"":""uniform"",""max_wobble"":0,""target_length"":32}]","224","[0.43216,0.394666,0.37645]","[0.22803,0.22145,0.216989]","true","[{""type"":""HORIZONTAL_FLIP"",""p"":0.4492647766649481},{""type"":""Centre_crop"",""frame_size"":224},{""interpolation"":""bilinear"",""num_magnitude_bins"":31,""type"":""RANDAUGMENT"",""num_ops"":2,""magnitude"":3}]","true","32","[{""target_length"":32,""type"":""chunked"",""max_wobble"":8}]","0.6656611192505429","1","0.0000055438706352764596","0","224","0.4492647766649481","3","200","8","0.01","0.6656611192505429","supervised","31","2","0.000014369353920444303","0.02275052582635744","0.000038370311209796255","0.0017458969429696265","0.0000055438706352764596","20","0","34","1","CosineAnnealingWarmRestarts","1","0.10462077062947824","2","0.10462077062947824","loss","0.01","min","20","val","early_stopper","34","32","1","8","8","200","1","1","2","26.629680998613036","25","21.597633136094675","15","3.4919661219010902","3.448571062088013","3.1487929311769043","0","2810"
"S3D_asl100_17dliss1","77.81065088757397","1.007968243477021","17dliss1","failed","-","","","2026-08-15T03:01:11.000Z","17457","","<in-memory:sweep>","WLASL","17dliss1","S3D","false","/home/luke/Code/SLR/src/runs/asl100/S3D/sweep_qsh82m4w/17dliss1/checkpoints","42","asl100","0.00028408770268700524","0.006167445555620479","8","0.00000925790793178952","0.000008253363871175395","224","true","32","224","[0.43216,0.394666,0.37645]","[0.22803,0.22145,0.216989]","true","[{""type"":""Centre_crop"",""frame_size"":224}]","true","32","[{""type"":""uniform"",""max_wobble"":0,""target_length"":32}]","224","[0.43216,0.394666,0.37645]","[0.22803,0.22145,0.216989]","true","[{""p"":0.3105499676429805,""type"":""HORIZONTAL_FLIP""},{""type"":""Centre_crop"",""frame_size"":224},{""type"":""RANDAUGMENT"",""num_ops"":4,""magnitude"":3,""interpolation"":""bilinear"",""num_magnitude_bins"":31}]","true","32","[{""type"":""chunked"",""max_wobble"":1,""target_length"":32}]","0.16209432254007788","1","0.00009111094264903047","0","224","0.3105499676429805","3","200","1","0.01","0.16209432254007788","supervised","31","4","0.00028408770268700524","0.006167445555620479","0.00000925790793178952","0.000008253363871175395","0.00009111094264903047","20","0","13","2","CosineAnnealingWarmRestarts","1","0.3702822154893969","8","0.3702822154893969","loss","0.01","min","20","val","early_stopper","13","32","2","8","8","200","1","1","8","99.65325936199724","98.75","76.33136094674556","45","0.026299133739239137","0.03156234971247614","1.033649998068239","4","8190"
"S3D_asl100_ob0b71ok","72.48520710059172","1.0373088183618886","ob0b71ok","failed","-","","","2026-08-15T01:09:52.000Z","4936","","<in-memory:sweep>","WLASL","ob0b71ok","S3D","false","/home/luke/Code/SLR/src/runs/asl100/S3D/sweep_qsh82m4w/ob0b71ok/checkpoints","42","asl100","0.0000792429439481418","0.0002383435513924558","8","0.00005255885214473546","0.08937129636416875","224","true","32","224","[0.43216,0.394666,0.37645]","[0.22803,0.22145,0.216989]","true","[{""type"":""Centre_crop"",""frame_size"":224}]","true","32","[{""type"":""uniform"",""max_wobble"":0,""target_length"":32}]","224","[0.43216,0.394666,0.37645]","[0.22803,0.22145,0.216989]","true","[{""p"":0.1855514968237874,""type"":""HORIZONTAL_FLIP""},{""type"":""Centre_crop"",""frame_size"":224},{""num_ops"":4,""magnitude"":3,""interpolation"":""bilinear"",""num_magnitude_bins"":31,""type"":""RANDAUGMENT""}]","true","32","[{""type"":""chunked"",""max_wobble"":8,""target_length"":32}]","0.4605886545935426","1","9.674444456291555e-7","0","224","0.1855514968237874","3","200","8","0.01","0.4605886545935426","supervised","31","4","0.0000792429439481418","0.0002383435513924558","0.00005255885214473546","0.08937129636416875","9.674444456291555e-7","20","0","31","2","CosineAnnealingWarmRestarts","1","0.03802872120585941","2","0.03802872120585941","loss","0.01","min","20","val","early_stopper","31","32","2","8","8","200","1","1","2","96.9486823855756","100","70.71005917159763","45","0.16345127271010376","0.1174237795174122","1.2254211015906549","14","8150"
"S3D_asl100_plxqu7x5","28.698224852071007","2.813680225718931","plxqu7x5","failed","-","","","2026-08-15T01:09:09.000Z","6723","","<in-memory:sweep>","WLASL","plxqu7x5","S3D","false","/home/luke/Code/SLR/src/runs/asl100/S3D/sweep_qsh82m4w/plxqu7x5/checkpoints","42","asl100","0.00003253962269199173","0.00013267488335078997","8","0.000020734408841196448","0.00007996599349837122","224","true","32","224","[0.43216,0.394666,0.37645]","[0.22803,0.22145,0.216989]","true","[{""type"":""Centre_crop"",""frame_size"":224}]","true","32","[{""type"":""uniform"",""max_wobble"":0,""target_length"":32}]","224","[0.43216,0.394666,0.37645]","[0.22803,0.22145,0.216989]","true","[{""p"":0.28661847858118794,""type"":""HORIZONTAL_FLIP""},{""type"":""Centre_crop"",""frame_size"":224},{""magnitude"":6,""interpolation"":""bilinear"",""num_magnitude_bins"":31,""type"":""RANDAUGMENT"",""num_ops"":6}]","true","32","[{""type"":""chunked"",""max_wobble"":7,""target_length"":32}]","0.5657478179533352","1","0.000003531992089812618","0","224","0.28661847858118794","6","200","7","0.01","0.5657478179533352","supervised","31","6","0.00003253962269199173","0.00013267488335078997","0.000020734408841196448","0.00007996599349837122","0.000003531992089812618","20","0","17","1","CosineAnnealingWarmRestarts","1","0.18458039437534687","5","0.18458039437534687","loss","0.01","min","20","val","early_stopper","17","32","1","8","8","200","1","1","5","32.31622746185853","37.5","28.698224852071007","15","3.3177361567704917","3.14354248046875","2.813680225718931","0","2780"
"S3D_asl100_lr8jd0uq","49.40828402366864","2.7327337750932568","lr8jd0uq","failed","-","","","2026-08-15T00:41:07.000Z","1685","","<in-memory:sweep>","WLASL","lr8jd0uq","S3D","false","/home/luke/Code/SLR/src/runs/asl100/S3D/sweep_qsh82m4w/lr8jd0uq/checkpoints","42","asl100","0.0003664615131095516","0.0013925455483986824","8","0.0018799193325432044","0.01735377463856965","224","true","32","224","[0.43216,0.394666,0.37645]","[0.22803,0.22145,0.216989]","true","[{""type"":""Centre_crop"",""frame_size"":224}]","true","32","[{""type"":""uniform"",""max_wobble"":0,""target_length"":32}]","224","[0.43216,0.394666,0.37645]","[0.22803,0.22145,0.216989]","true","[{""p"":0.4459554645620269,""type"":""HORIZONTAL_FLIP""},{""frame_size"":224,""type"":""Centre_crop""},{""type"":""RANDAUGMENT"",""num_ops"":6,""magnitude"":4,""interpolation"":""bilinear"",""num_magnitude_bins"":31}]","true","32","[{""type"":""chunked"",""max_wobble"":4,""target_length"":32}]","0.14148197779669638","1","0.0000732014181898564","0","224","0.4459554645620269","4","200","4","0.01","0.14148197779669638","supervised","31","6","0.0003664615131095516","0.0013925455483986824","0.0018799193325432044","0.01735377463856965","0.0000732014181898564","20","0","39","2","CosineAnnealingWarmRestarts","1","0.03791437973724687","2","0.03791437973724687","loss","0.01","min","20","val","early_stopper","39","32","2","8","8","200","1","1","2","78.43273231622746","82.5","44.97041420118343","15","0.6946008630747934","0.540752574801445","2.9019816635769566","1","2740"
"S3D_asl100_exp082","66.86390532544378","1.267375043391341","4sijijlp","finished","-","","CHUNKED, RANDAUG, compto82","2026-08-14T23:27:28.000Z","3980","","configfiles/asl100/S3D/exp082.toml","WLASL","082","S3D","false","runs/asl100/S3D/exp082/checkpoints001","42","asl100","","","","","","224","true","32","224","[0.43216,0.394666,0.37645]","[0.22803,0.22145,0.216989]","true","[{""type"":""Centre_crop"",""frame_size"":224}]","true","32","[{""target_length"":32,""type"":""uniform"",""max_wobble"":0}]","224","[0.43216,0.394666,0.37645]","[0.22803,0.22145,0.216989]","true","[{""p"":0.5,""type"":""HORIZONTAL_FLIP""},{""type"":""Centre_crop"",""frame_size"":224},{""num_ops"":3,""magnitude"":7,""interpolation"":""bilinear"",""num_magnitude_bins"":31,""type"":""RANDAUGMENT""}]","true","32","[{""type"":""chunked"",""max_wobble"":0,""target_length"":32}]","","","","","","","","","","","0.5","supervised","","","0.0001","0.001","0.001","0.001","0.00001","","0","20","1","CosineAnnealingWarmRestarts","","","","","loss","0.01","min","15","val","early_stopper","","","","8","8","200","1","","","97.29542302357837","97.5","66.86390532544378","35","0.09750972861028824","0.1325313142267987","1.439442991559145","15","6330"