{
  "asl100": {
    "Resnet3D_18": {
      "exp": "005",
      "top_k_average_per_class_acc": {
        "top1": 0.2415,
        "top5": 0.5258333333333334,
        "top10": 0.6441666666666667
      }
    },
    "Resnet2D_1D_18": {
      "exp": "006",
      "top_k_average_per_class_acc": {
        "top1": 0.24983333333333335,
        "top5": 0.463,
        "top10": 0.6338333333333334
      }
    },
    "S3D": {
      "exp": "012",
      "top_k_average_per_class_acc": {
        "top1": 0.147,
        "top5": 0.4336666666666666,
        "top10": 0.6015
      }
    },
    "MViT_V1_B": {
      "exp": "000",
      "top_k_average_per_class_acc": {
        "top1": 0.3813333333333333,
        "top5": 0.7158333333333333,
        "top10": 0.8483333333333334
      }
    },
    "MViT_V2_S": {
      "exp": "004",
      "top_k_average_per_class_acc": {
        "top1": 0.35300000000000004,
        "top5": 0.7208333333333333,
        "top10": 0.8325
      }
    },
    "Swin3D_B": {
      "exp": "002",
      "top_k_average_per_class_acc": {
        "top1": 0.4998333333333334,
        "top5": 0.8046666666666665,
        "top10": 0.8983333333333333
      }
    },
    "Swin3D_S": {
      "exp": "002",
      "top_k_average_per_class_acc": {
        "top1": 0.392,
        "top5": 0.7218333333333335,
        "top10": 0.8143333333333334
      }
    },
    "Swin3D_T": {
      "exp": "002",
      "top_k_average_per_class_acc": {
        "top1": 0.3853333333333333,
        "top5": 0.7301666666666666,
        "top10": 0.84
      }
    }
  }
}