{
    "asl100": {
        "R3D_18": {
            "exp": "006",
            "top_k_average_per_class_acc": {
                "top1": 0.5616666666666668,
                "top5": 0.8303333333333335,
                "top10": 0.8893333333333334
            }
        },
        "R(2+1)D_18": {
            "exp": "007",
            "top_k_average_per_class_acc": {
                "top1": 0.48533333333333334,
                "top5": 0.7756666666666667,
                "top10": 0.8601666666666667
            }
        },
        "S3D": {
            "exp": "046",
            "top_k_average_per_class_acc": {
                "top1": 0.5001666666666668,
                "top5": 0.7813333333333334,
                "top10": 0.8688333333333333
            }
        },
        "MViTv1_B": {
            "exp": "003",
            "top_k_average_per_class_acc": {
                "top1": 0.7196666666666667,
                "top5": 0.9,
                "top10": 0.9208333333333333
            }
        },
        "MViTv2_S": {
            "exp": "010",
            "top_k_average_per_class_acc": {
                "top1": 0.741,
                "top5": 0.9216666666666667,
                "top10": 0.9483333333333333
            }
        },
        "Swin3D_B": {
            "exp": "003",
            "top_k_average_per_class_acc": {
                "top1": 0.5523333333333333,
                "top5": 0.8316666666666667,
                "top10": 0.9116666666666667
            }
        },
        "Swin3D_S": {
            "exp": "003",
            "top_k_average_per_class_acc": {
                "top1": 0.664,
                "top5": 0.8763333333333333,
                "top10": 0.9191666666666666
            }
        },
        "Swin3D_T": {
            "exp": "003",
            "top_k_average_per_class_acc": {
                "top1": 0.6093333333333334,
                "top5": 0.8563333333333334,
                "top10": 0.94
            }
        }
    }
}