{
  "asl100": {
    "MViT_V1_B": {
      "best_val": {
        "top_k_average_per_class_acc": {
          "top1": 0.7110000000000002,
          "top5": 0.905,
          "top10": 0.9541666666666667
        },
        "top_k_per_instance_acc": {
          "top1": 0.7071005917159763,
          "top5": 0.9023668639053254,
          "top10": 0.9526627218934911
        },
        "path": "runs/asl100/MViT_V1_B_exp000/checkpoint_108_val-top-k.json"
      },
      "best_test": {
        "top_k_average_per_class_acc": {
          "top1": 0.6851666666666668,
          "top5": 0.905,
          "top10": 0.945
        },
        "top_k_per_instance_acc": {
          "top1": 0.6782945736434108,
          "top5": 0.8992248062015504,
          "top10": 0.9418604651162791
        },
        "path": "runs/asl100/MViT_V1_B_exp000/best_test-top-k.json"
      }
    },
    "MViT_V2_S": {
      "best_val": {
        "top_k_average_per_class_acc": {
          "top1": 0.733,
          "top5": 0.9250000000000002,
          "top10": 0.9525
        },
        "top_k_per_instance_acc": {
          "top1": 0.7307692307692307,
          "top5": 0.9230769230769231,
          "top10": 0.9526627218934911
        },
        "path": "runs/asl100/MViT_V2_S_exp002/best_val-top-k.json"
      },
      "best_test": {
        "top_k_average_per_class_acc": {
          "top1": 0.6963333333333332,
          "top5": 0.91,
          "top10": 0.9516666666666665
        },
        "top_k_per_instance_acc": {
          "top1": 0.689922480620155,
          "top5": 0.9069767441860465,
          "top10": 0.9496124031007752
        },
        "path": "runs/asl100/MViT_V2_S_exp002/checkpoint_200_test-top-k.json"
      }
    },
    "Swin3D_B": {
      "best_val": {
        "top_k_average_per_class_acc": {
          "top1": 0.6598333333333334,
          "top5": 0.8905000000000001,
          "top10": 0.9508333333333334
        },
        "top_k_per_instance_acc": {
          "top1": 0.6568047337278107,
          "top5": 0.8875739644970414,
          "top10": 0.9497041420118343
        },
        "path": "runs/asl100/Swin3D_B_exp000/best_val-top-k.json"
      },
      "best_test": {
        "top_k_average_per_class_acc": {
          "top1": 0.6281666666666667,
          "top5": 0.866,
          "top10": 0.9283333333333332
        },
        "top_k_per_instance_acc": {
          "top1": 0.627906976744186,
          "top5": 0.8604651162790697,
          "top10": 0.9263565891472868
        },
        "path": "runs/asl100/Swin3D_B_exp000/checkpoint_200_test-top-k.json"
      }
    },
    "Swin3D_S": {
      "best_val": {
        "top_k_average_per_class_acc": {
          "top1": 0.6551666666666666,
          "top5": 0.8796666666666667,
          "top10": 0.9441666666666666
        },
        "top_k_per_instance_acc": {
          "top1": 0.650887573964497,
          "top5": 0.8757396449704142,
          "top10": 0.9437869822485208
        },
        "path": "runs/asl100/Swin3D_S_exp000/best_val-top-k.json"
      },
      "best_test": {
        "top_k_average_per_class_acc": {
          "top1": 0.6023333333333334,
          "top5": 0.905,
          "top10": 0.9408333333333334
        },
        "top_k_per_instance_acc": {
          "top1": 0.5968992248062015,
          "top5": 0.9031007751937985,
          "top10": 0.9418604651162791
        },
        "path": "runs/asl100/Swin3D_S_exp000/best_test-top-k.json"
      }
    },
    "Swin3D_T": {
      "best_val": {
        "top_k_average_per_class_acc": {
          "top1": 0.6108333333333333,
          "top5": 0.8691666666666665,
          "top10": 0.9183333333333334
        },
        "top_k_per_instance_acc": {
          "top1": 0.6005917159763313,
          "top5": 0.8698224852071006,
          "top10": 0.9201183431952663
        },
        "path": "runs/asl100/Swin3D_T_exp000/checkpoint_045_val-top-k.json"
      },
      "best_test": {
        "top_k_average_per_class_acc": {
          "top1": 0.5565,
          "top5": 0.8521666666666667,
          "top10": 0.9088333333333333
        },
        "top_k_per_instance_acc": {
          "top1": 0.5503875968992248,
          "top5": 0.8527131782945736,
          "top10": 0.9069767441860465
        },
        "path": "runs/asl100/Swin3D_T_exp000/checkpoint_045_test-top-k.json"
      }
    },
    "Resnet2D_1D_18": {
      "best_val": {
        "top_k_average_per_class_acc": {
          "top1": 0.5948333333333333,
          "top5": 0.8521666666666667,
          "top10": 0.9105
        },
        "top_k_per_instance_acc": {
          "top1": 0.5857988165680473,
          "top5": 0.849112426035503,
          "top10": 0.908284023668639
        },
        "path": "runs/asl100/Resnet2D_1D_18_exp003/checkpoint_175_val-top-k.json"
      },
      "best_test": {
        "top_k_average_per_class_acc": {
          "top1": 0.5361666666666666,
          "top5": 0.8038333333333333,
          "top10": 0.8846666666666667
        },
        "top_k_per_instance_acc": {
          "top1": 0.5271317829457365,
          "top5": 0.7945736434108527,
          "top10": 0.875968992248062
        },
        "path": "runs/asl100/Resnet2D_1D_18_exp003/checkpoint_175_test-top-k.json"
      }
    },
    "Resnet3D_18": {
      "best_val": {
        "top_k_average_per_class_acc": {
          "top1": 0.6285,
          "top5": 0.8563333333333333,
          "top10": 0.9041666666666667
        },
        "top_k_per_instance_acc": {
          "top1": 0.6242603550295858,
          "top5": 0.8550295857988166,
          "top10": 0.9053254437869822
        },
        "path": "runs/asl100/Resnet3D_18_exp004/checkpoint_117_val-top-k.json"
      },
      "best_test": {
        "top_k_average_per_class_acc": {
          "top1": 0.5526666666666666,
          "top5": 0.8438333333333332,
          "top10": 0.8991666666666666
        },
        "top_k_per_instance_acc": {
          "top1": 0.5542635658914729,
          "top5": 0.8410852713178295,
          "top10": 0.8992248062015504
        },
        "path": "runs/asl100/Resnet3D_18_exp004/checkpoint_117_test-top-k.json"
      }
    },
    "S3D": {
      "best_val": {
        "top_k_average_per_class_acc": {
          "top1": 0.5193333333333334,
          "top5": 0.7983333333333335,
          "top10": 0.8775
        },
        "top_k_per_instance_acc": {
          "top1": 0.5088757396449705,
          "top5": 0.7958579881656804,
          "top10": 0.878698224852071
        },
        "path": "runs/asl100/S3D_exp011/checkpoint_067_val-top-k.json"
      },
      "best_test": {
        "top_k_average_per_class_acc": {
          "top1": 0.4046666666666666,
          "top5": 0.6958333333333333,
          "top10": 0.8316666666666667
        },
        "top_k_per_instance_acc": {
          "top1": 0.4108527131782946,
          "top5": 0.6976744186046512,
          "top10": 0.8294573643410853
        },
        "path": "runs/asl100/S3D_exp011/checkpoint_067_test-top-k.json"
      }
    }
  },
  "asl300": {
    "MViT_V1_B": {
      "best_val": {
        "top_k_average_per_class_acc": {
          "top1": 0.6500555555555555,
          "top5": 0.8801666666666667,
          "top10": 0.9305555555555556
        },
        "top_k_per_instance_acc": {
          "top1": 0.6459489456159823,
          "top5": 0.8779134295227525,
          "top10": 0.9289678135405105
        },
        "path": "runs/asl300/MViT_V1_B_exp000/checkpoint_065_val-top-k.json"
      },
      "best_test": {
        "top_k_average_per_class_acc": {
          "top1": 0.609111111111111,
          "top5": 0.8512777777777778,
          "top10": 0.9140555555555556
        },
        "top_k_per_instance_acc": {
          "top1": 0.6032934131736527,
          "top5": 0.8473053892215568,
          "top10": 0.9101796407185628
        },
        "path": "runs/asl300/MViT_V1_B_exp000/checkpoint_065_test-top-k.json"
      }
    },
    "MViT_V2_S": {
      "best_val": {
        "top_k_average_per_class_acc": {
          "top1": 0.6769999999999999,