{
    "S3D": {
        "train": {
            "throughput_batches_per_s": 45.73224584905409,
            "throughput_samples_per_s": 91.46449169810818,
            "latency_ms": 21.866409170033876,
            "utilisation_percent": 100,
            "memory_mb": 2538.375,
            "peak_memory_mb": 1905.8193359375
        },
        "infer": {
            "throughput_batches_per_s": 48.265916405878265,
            "throughput_samples_per_s": 96.53183281175653,
            "latency_ms": 20.71855409500131,
            "utilisation_percent": 100,
            "memory_mb": 882.375,
            "peak_memory_mb": 294.22900390625
        }
    },
    "R3D_18": {
        "train": {
            "throughput_batches_per_s": 14.25690252363732,
            "throughput_samples_per_s": 28.51380504727464,
            "latency_ms": 70.1414629399369,
            "utilisation_percent": 100,
            "memory_mb": 3464.375,
            "peak_memory_mb": 2729.94091796875
        },
        "infer": {
            "throughput_batches_per_s": 14.640292305096247,
            "throughput_samples_per_s": 29.280584610192495,
            "latency_ms": 68.3046471450507,
            "utilisation_percent": 100,
            "memory_mb": 1220.375,
            "peak_memory_mb": 647.18994140625
        }
    },
    "R(2+1)D_18": {
        "train": {
            "throughput_batches_per_s": 7.746311515381697,
            "throughput_samples_per_s": 15.492623030763394,
            "latency_ms": 129.09369807995972,
            "utilisation_percent": 100,
            "memory_mb": 8630.375,
            "peak_memory_mb": 7800.04541015625
        },
        "infer": {
            "throughput_batches_per_s": 8.085852328871317,
            "throughput_samples_per_s": 16.171704657742634,
            "latency_ms": 123.6728002599557,
            "utilisation_percent": 100,
            "memory_mb": 1884.375,
            "peak_memory_mb": 979.9033203125
        }
    },
    "Swin3D_T": {
        "train": {
            "throughput_batches_per_s": 12.469495272056747,
            "throughput_samples_per_s": 24.938990544113494,
            "latency_ms": 80.19570786003897,
            "utilisation_percent": 100,
            "memory_mb": 6460.375,
            "peak_memory_mb": 5344.03564453125
        },
        "infer": {
            "throughput_batches_per_s": 12.608870839768523,
            "throughput_samples_per_s": 25.217741679537045,
            "latency_ms": 79.30924289001268,
            "utilisation_percent": 100,
            "memory_mb": 1546.375,
            "peak_memory_mb": 788.24072265625
        }
    },
    "Swin3D_S": {
        "train": {
            "throughput_batches_per_s": 7.359727767606254,
            "throughput_samples_per_s": 14.719455535212507,
            "latency_ms": 135.87459095993836,
            "utilisation_percent": 100,
            "memory_mb": 9920.375,
            "peak_memory_mb": 8565.60986328125
        },
        "infer": {
            "throughput_batches_per_s": 7.4457249113209745,
            "throughput_samples_per_s": 14.891449822641949,
            "latency_ms": 134.30525730000227,
            "utilisation_percent": 100,
            "memory_mb": 1654.375,
            "peak_memory_mb": 886.9326171875
        }
    },
    "Swin3D_B": {
        "error": "CUDA out of memory. Tried to allocate 38.00 MiB. GPU 0 has a total capacity of 11.63 GiB of which 1.62 MiB is free. Including non-PyTorch memory, this process has 11.61 GiB memory in use. Of the allocated memory 11.16 GiB is allocated by PyTorch, and 322.01 MiB is reserved by PyTorch but unallocated. If reserved but unallocated memory is large try setting PYTORCH_CUDA_ALLOC_CONF=expandable_segments:True to avoid fragmentation.  See documentation for Memory Management  (https://pytorch.org/docs/stable/notes/cuda.html#environment-variables)"
    },
    "MViTv2_S": {
        "train": {
            "throughput_batches_per_s": 10.047096777888807,
            "throughput_samples_per_s": 20.094193555777615,
            "latency_ms": 99.5312399300019,
            "utilisation_percent": 99,
            "memory_mb": 12286.375,
            "peak_memory_mb": 6062.46923828125
        },
        "infer": {
            "throughput_batches_per_s": 10.14718874650323,
            "throughput_samples_per_s": 20.29437749300646,
            "latency_ms": 98.54946281004231,
            "utilisation_percent": 99,
            "memory_mb": 1648.375,
            "peak_memory_mb": 671.90625
        }
    },
    "MViTv1_B": {
        "train": {
            "throughput_batches_per_s": 12.501145521378882,
            "throughput_samples_per_s": 25.002291042757765,
            "latency_ms": 79.99266933496983,
            "utilisation_percent": 100,
            "memory_mb": 6428.375,
            "peak_memory_mb": 5306.4560546875
        },
        "infer": {
            "throughput_batches_per_s": 12.667743074983575,
            "throughput_samples_per_s": 25.33548614996715,
            "latency_ms": 78.9406600750226,
            "utilisation_percent": 100,
            "memory_mb": 1470.375,
            "peak_memory_mb": 554.6240234375
        }
    }
}