{
    "asl100": {
        "MViT_V2_S": {
            "exp": "004",
            "top_k_average_per_class_acc": {
                "top1": 0.6798333333333332,
                "top5": 0.8908333333333333,
                "top10": 0.9383333333333335
            }
        },
        "MViT_V1_B": {
            "exp": "000",
            "top_k_average_per_class_acc": {
                "top1": 0.6656666666666666,
                "top5": 0.8783333333333333,
                "top10": 0.93
            }
        },
        "Swin3D_B": {
            "exp": "002",
            "top_k_average_per_class_acc": {
                "top1": 0.5589999999999999,
                "top5": 0.8521666666666667,
                "top10": 0.9458333333333333
            }
        },
        "Resnet2D_1D_18": {
            "exp": "006",
            "top_k_average_per_class_acc": {
                "top1": 0.5025,
                "top5": 0.8204999999999998,
                "top10": 0.8913333333333333
            }
        },
        "Resnet3D_18": {
            "exp": "005",
            "top_k_average_per_class_acc": {
                "top1": 0.45699999999999996,
                "top5": 0.7583333333333333,
                "top10": 0.8658333333333332
            }
        },
        "Swin3D_T": {
            "exp": "002",
            "top_k_average_per_class_acc": {
                "top1": 0.4645,
                "top5": 0.7676666666666666,
                "top10": 0.8838333333333332
            }
        },
        "Swin3D_S": {
            "exp": "002",
            "top_k_average_per_class_acc": {
                "top1": 0.46366666666666667,
                "top5": 0.7476666666666667,
                "top10": 0.8846666666666665
            }
        },
        "S3D": {
            "exp": "012",
            "top_k_average_per_class_acc": {
                "top1": 0.29866666666666664,
                "top5": 0.5998333333333333,
                "top10": 0.7313333333333333
            }
        }
        
    }
}