{
    "asl100": {
        "MViTv2_S": {
            "exp": "010",
            "top_k_average_per_class_acc": {
                "top1": 0.741,
                "top5": 0.9216666666666667,
                "top10": 0.9483333333333333
            }
        },
        "S3D": {
            "exp": "046",
            "top_k_average_per_class_acc": {
                "top1": 0.5001666666666668,
                "top5": 0.7813333333333334,
                "top10": 0.8688333333333333
            }
        }
    },
    "asl300": {
        "MViTv2_S": {
            "exp": "001",
            "top_k_average_per_class_acc": {
                "top1": 0.6627222222222222,
                "top5": 0.8921111111111111,
                "top10": 0.9369444444444446
            }
        },
        "S3D": {
            "exp": "002",
            "top_k_average_per_class_acc": {
                "top1": 0.5247777777777778,
                "top5": 0.7865555555555555,
                "top10": 0.8723888888888888
            }
        }
    },
    "asl1000": {
        "MViTv2_S": {
            "exp": "000",
            "top_k_average_per_class_acc": {
                "top1": 0.5331333333333333,
                "top5": 0.8171666666666666,
                "top10": 0.8775
            }
        },
        "S3D": {
            "exp": "000",
            "top_k_average_per_class_acc": {
                "top1": 0.36319999999999997,
                "top5": 0.6781833333333334,
                "top10": 0.7691666666666667
            }
        }
    },
    "asl2000": {
        "MViTv2_S": {
            "exp": "000",
            "top_k_average_per_class_acc": {
                "top1": 0.355025,
                "top5": 0.69265,
                "top10": 0.7828999999999999
            }
        },
        "S3D": {
            "exp": "000",
            "top_k_average_per_class_acc": {
                "top1": 0.17618333333333333,
                "top5": 0.44055,
                "top10": 0.5528833333333333
            }
        }
    }
}