{
    "asl100": {
        "Resnet3D_18": {
            "exp": "005",
            "top_k_average_per_class_acc": {
                "top1": 0.45699999999999996,
                "top5": 0.7583333333333333,
                "top10": 0.8658333333333332
            },
            "top_k_per_instance_acc": {
                "top1": 0.46124031007751937,
                "top5": 0.7596899224806202,
                "top10": 0.8682170542635659
            }
        },
        "Resnet2D_1D_18": {
            "exp": "006",
            "top_k_average_per_class_acc": {
                "top1": 0.5025,
                "top5": 0.8204999999999998,
                "top10": 0.8913333333333333
            },
            "top_k_per_instance_acc": {
                "top1": 0.5038759689922481,
                "top5": 0.8178294573643411,
                "top10": 0.8914728682170543
            }
        },
        "S3D": {
            "exp": "012",
            "top_k_average_per_class_acc": {
                "top1": 0.29866666666666664,
                "top5": 0.5998333333333333,
                "top10": 0.7313333333333333
            },
            "top_k_per_instance_acc": {
                "top1": 0.29844961240310075,
                "top5": 0.5968992248062015,
                "top10": 0.7286821705426356
            }
        },
        "MViT_V1_B": {
            "exp": "000",
            "top_k_average_per_class_acc": {
                "top1": 0.6656666666666666,
                "top5": 0.8783333333333333,
                "top10": 0.93
            },
            "top_k_per_instance_acc": {
                "top1": 0.6550387596899225,
                "top5": 0.875968992248062,
                "top10": 0.9263565891472868
            }
        },
        "MViT_V2_S": {
            "exp": "004",
            "top_k_average_per_class_acc": {
                "top1": 0.6798333333333332,
                "top5": 0.8908333333333333,
                "top10": 0.9383333333333335
            },
            "top_k_per_instance_acc": {
                "top1": 0.6705426356589147,
                "top5": 0.8875968992248062,
                "top10": 0.937984496124031
            }
        },
        "Swin3D_B": {
            "exp": "002",
            "top_k_average_per_class_acc": {
                "top1": 0.5589999999999999,
                "top5": 0.8521666666666667,
                "top10": 0.9458333333333333
            },
            "top_k_per_instance_acc": {
                "top1": 0.5542635658914729,
                "top5": 0.8488372093023255,
                "top10": 0.9457364341085271
            }
        },
        "Swin3D_S": {
            "exp": "002",
            "top_k_average_per_class_acc": {
                "top1": 0.46366666666666667,
                "top5": 0.7476666666666667,
                "top10": 0.8846666666666665
            },
            "top_k_per_instance_acc": {
                "top1": 0.45348837209302323,
                "top5": 0.7403100775193798,
                "top10": 0.8798449612403101
            }
        },
        "Swin3D_T": {
            "exp": "002",
            "top_k_average_per_class_acc": {
                "top1": 0.4645,
                "top5": 0.7676666666666666,
                "top10": 0.8838333333333332
            },
            "top_k_per_instance_acc": {
                "top1": 0.4573643410852713,
                "top5": 0.7596899224806202,
                "top10": 0.8837209302325582
            }
        }
    }
}