{
    "asl100": {
        "S3D": {
            "exp": "020",
            "top_k_average_per_class_acc": {
                "top1": 0.7076666666666667,
                "top5": 0.9058333333333333,
                "top10": 0.9341666666666666
            },
            "top_k_per_instance_acc": {
                "top1": 0.6976744186046512,
                "top5": 0.9031007751937985,
                "top10": 0.9341085271317829
            }
        }
    },
    "asl300": {
        "S3D": {
            "exp": "046",
            "top_k_average_per_class_acc": {
                "top1": 0.5521666666666666,
                "top5": 0.8108888888888889,
                "top10": 0.8757222222222222
            },
            "top_k_per_instance_acc": {
                "top1": 0.5449101796407185,
                "top5": 0.8068862275449101,
                "top10": 0.8727544910179641
            }
        }
    },
    "asl1000": {
        "S3D": {
            "exp": "047",
            "top_k_average_per_class_acc": {
                "top1": 0.37873333333333337,
                "top5": 0.6788500000000001,
                "top10": 0.7743
            },
            "top_k_per_instance_acc": {
                "top1": 0.3773987206823028,
                "top5": 0.6785714285714286,
                "top10": 0.7771855010660981
            }
        }
    },
    "asl2000": {
        "S3D": {
            "exp": "048",
            "top_k_average_per_class_acc": {
                "top1": 0.15508333333333332,
                "top5": 0.38580833333333336,
                "top10": 0.5114083333333334
            },
            "top_k_per_instance_acc": {
                "top1": 0.1712400138937131,
                "top5": 0.4102118791246961,
                "top10": 0.5328238971865231
            }
        }
    }
}