{
    "asl100": {
        "MViTv2_S": {
            "exp": "010",
            "top_k_average_per_class_acc": {
                "top1": 0.741,
                "top5": 0.9216666666666667,
                "top10": 0.9483333333333333
            },
            "top_k_per_instance_acc": {
                "top1": 0.7325581395348837,
                "top5": 0.9147286821705426,
                "top10": 0.9457364341085271
            }
        },
        "S3D": {
            "exp": "051",
            "top_k_average_per_class_acc": {
                "top1": 0.5343333333333333,
                "top5": 0.7991666666666667,
                "top10": 0.8841666666666668
            },
            "top_k_per_instance_acc": {
                "top1": 0.5310077519379846,
                "top5": 0.7984496124031008,
                "top10": 0.8798449612403101
            }
        }
    },
    "asl300": {
        "MViTv2_S": {
            "exp": "001",
            "top_k_average_per_class_acc": {
                "top1": 0.6627222222222222,
                "top5": 0.8921111111111111,
                "top10": 0.9369444444444446
            },
            "top_k_per_instance_acc": {
                "top1": 0.6541916167664671,
                "top5": 0.8892215568862275,
                "top10": 0.9356287425149701
            }
        },
        "S3D": {
            "exp": "002",
            "top_k_average_per_class_acc": {
                "top1": 0.48927777777777776,
                "top5": 0.7696111111111111,
                "top10": 0.8507222222222222
            },
            "top_k_per_instance_acc": {
                "top1": 0.48353293413173654,
                "top5": 0.7679640718562875,
                "top10": 0.8517964071856288
            }
        }
    },
    "asl1000": {
        "MViTv2_S": {
            "exp": "000",
            "top_k_average_per_class_acc": {
                "top1": 0.5331333333333333,
                "top5": 0.8171666666666666,
                "top10": 0.8775
            },
            "top_k_per_instance_acc": {
                "top1": 0.5341151385927505,
                "top5": 0.8176972281449894,
                "top10": 0.8779317697228145
            }
        },
        "S3D": {
            "exp": "000",
            "top_k_average_per_class_acc": {
                "top1": 0.36319999999999997,
                "top5": 0.6781833333333334,
                "top10": 0.7691666666666667
            },
            "top_k_per_instance_acc": {
                "top1": 0.3624733475479744,
                "top5": 0.6780383795309168,
                "top10": 0.7707889125799574
            }
        }
    },
    "asl2000": {
        "MViTv2_S": {
            "exp": "000",
            "top_k_average_per_class_acc": {
                "top1": 0.355025,
                "top5": 0.69265,
                "top10": 0.7828999999999999
            },
            "top_k_per_instance_acc": {
                "top1": 0.38867662382771795,
                "top5": 0.7162209100382078,
                "top10": 0.7981938172976728
            }
        },
        "S3D": {
            "exp": "000",
            "top_k_average_per_class_acc": {
                "top1": 0.17618333333333333,
                "top5": 0.44055,
                "top10": 0.5528833333333333
            },
            "top_k_per_instance_acc": {
                "top1": 0.19624869746439735,
                "top5": 0.4696075026050712,
                "top10": 0.582493921500521
            }
        }
    }
}